doc_num,doc_idx,category,layer,head,tokens,budget,budget_frac,H_mean,frac_H_ge_090,mu_s_norm_cv,full_norm_cv,mass_gap,UTC_abs_gap,UTC_rel_gap,predicted,actual,correct,delta_rel_abs,oracle_mean_k,mass_mean_k,abs_mean_k,rel_mean_k,budget_ok
0,13,sci.space,0,0,128,16,0.125,0.9666764908942366,0.9609375,0.20609250583066846,0.09410880046039409,0.10907960025408425,0.3763564029985217,0.4325496969655102,abs,rel,False,0.05619329396698852,19.734375,16.59375,16.6953125,15.8671875,False
0,13,sci.space,0,0,128,32,0.25,0.9666764908942366,0.9609375,0.18740733440826524,0.09410880046039409,0.09300349661587456,0.4408172662965217,0.6079809043618954,abs,rel,False,0.16716363806537377,40.5,33.328125,30.3984375,30.328125,False
0,13,sci.space,0,0,128,48,0.375,0.9666764908942366,0.9609375,0.16712121258950174,0.09410880046039409,0.32818342631534453,0.5852552567155412,1.0925108623565165,abs,rel,False,0.5072556056409753,40.5,47.1640625,45.9140625,50.9453125,False
0,13,sci.space,0,1,128,16,0.125,0.8554423756255443,0.234375,0.19588164007685438,0.252564604743478,0.7222338228013965,0.43749003917603585,0.5567040101321348,abs,rel,False,0.11921397095609892,16.984375,16.2265625,15.84375,16.890625,True
0,13,sci.space,0,1,128,32,0.25,0.8554423756255443,0.234375,0.2025722968201271,0.252564604743478,0.707081537907911,0.6487449830662787,0.688481829918957,abs,rel,False,0.03973684685267831,30.7734375,30.5703125,32.40625,30.8046875,True
0,13,sci.space,0,1,128,48,0.375,0.8554423756255443,0.234375,0.21474571213711788,0.252564604743478,0.5372118044355537,0.38922901202102067,0.6660944869593722,abs,rel,False,0.27686547493835156,66.1328125,45.7578125,42.921875,47.1796875,False
0,13,sci.space,0,2,128,16,0.125,0.4536419171204019,0.0,0.4504585586817664,0.4739384931003813,0.8717415239003062,0.5279995167624165,0.9179893291631215,abs,rel,False,0.38998981240070496,12.8828125,16.9453125,16.640625,13.828125,False
0,13,sci.space,0,2,128,32,0.25,0.4536419171204019,0.0,0.4637312908914443,0.4739384931003813,1.253479599272499,1.0925682247054431,1.4807076843874403,rel,rel,True,0.38813945968199715,12.8828125,31.9609375,35.9453125,42.96875,False
0,13,sci.space,0,2,128,48,0.375,0.4536419171204019,0.0,0.4688888013040989,0.4739384931003813,1.6937301600793588,1.1368427677890542,1.7106258139697954,rel,rel,True,0.5737830461807412,12.8828125,53.796875,35.9453125,42.96875,False
0,13,sci.space,0,3,128,16,0.125,0.38366162960468875,0.0,0.26314263727884507,0.2739045049384542,0.9662376635524774,0.9411145954209318,1.0709636960297997,abs,rel,False,0.1298491006088679,6.5703125,17.625,11.7421875,12.734375,False
0,13,sci.space,0,3,128,32,0.25,0.38366162960468875,0.0,0.2699476223113782,0.2739045049384542,1.119273429722561,1.1451853212143082,1.2159058744587659,rel,rel,True,0.0707205532444577,6.5703125,35.4453125,27.3984375,28.9296875,False
0,13,sci.space,0,3,128,48,0.375,0.38366162960468875,0.0,0.27251752562678344,0.2739045049384542,1.1795169276744852,1.218516587210168,1.324957195746501,rel,rel,True,0.10644060853633297,6.5703125,35.4453125,27.3984375,28.9296875,False
0,13,sci.space,0,4,128,16,0.125,0.9559001222112884,0.9765625,0.20207224036154942,0.12478118959172003,-0.41501566686200914,0.8899998246227021,-0.5230644960041003,abs,abs,True,-1.4130643206268023,12.109375,17.125,16.4609375,16.796875,False
0,13,sci.space,0,4,128,32,0.25,0.9559001222112884,0.9765625,0.17968383586386757,0.12478118959172003,-0.15562415248708303,0.6222825998293223,0.1939855114048142,abs,abs,True,-0.4282970884245081,44.4609375,30.7890625,36.359375,30.8125,False
0,13,sci.space,0,4,128,48,0.375,0.9559001222112884,0.9765625,0.16648464713894914,0.12478118959172003,-0.17405627395590542,0.8296368978286387,0.7123576729231954,abs,abs,True,-0.11727922490544329,44.4609375,47.9140625,48.1484375,50.15625,False
0,13,sci.space,0,5,128,16,0.125,0.8240008938640022,0.03125,0.22812162254578308,0.26835882259737864,0.5803669065454737,-0.8124366818635712,0.9905973861203791,abs,rel,False,1.8030340679839503,12.0078125,16.0234375,15.3671875,15.59375,False
0,13,sci.space,0,5,128,32,0.25,0.8240008938640022,0.03125,0.23869335045473933,0.26835882259737864,1.2431154400501756,-0.4902389777665264,1.6362018891938246,abs,rel,False,2.126440866960351,23.1796875,32.40625,35.2421875,31.6875,False
0,13,sci.space,0,5,128,48,0.375,0.8240008938640022,0.03125,0.24985330296928596,0.26835882259737864,0.46860018813511173,0.12438797996495031,0.6056848411757181,abs,rel,False,0.48129686121076776,56.265625,46.625,51.046875,44.9296875,False
0,13,sci.space,0,6,128,16,0.125,0.9180477997659044,0.7890625,0.17936289433766314,0.19777262013733662,-0.8670615137725931,0.6291905939367257,-0.03283362396800716,abs,abs,True,-0.6620242179047329,15.5625,15.8125,16.3359375,16.765625,True
0,13,sci.space,0,6,128,32,0.25,0.9180477997659044,0.7890625,0.1933620594967026,0.19777262013733662,0.5008880623902862,0.9637008164451552,0.6622690157827993,abs,abs,True,-0.30143180066235586,31.0546875,33.15625,37.21875,32.109375,False
0,13,sci.space,0,6,128,48,0.375,0.9180477997659044,0.7890625,0.20091772767792726,0.19777262013733662,0.27608955507067146,0.46707767684647683,0.345741125617334,abs,abs,True,-0.12133655122914283,74.78125,47.3203125,50.3046875,45.8515625,False
0,13,sci.space,0,7,128,16,0.125,0.9110482881423229,0.734375,0.24522833673708716,0.279177974111614,0.4652437987455812,0.17082453305041942,0.5044018772713534,abs,rel,False,0.333577344220934,15.203125,16.8828125,14.015625,17.0625,True
0,13,sci.space,0,7,128,32,0.25,0.9110482881423229,0.734375,0.23563560207743164,0.279177974111614,0.8713077522601433,0.6987467478480138,0.7105412736588514,abs,rel,False,0.01179452581083762,25.1796875,31.828125,32.78125,32.3515625,False
0,13,sci.space,0,7,128,48,0.375,0.9110482881423229,0.734375,0.2311958930364269,0.279177974111614,0.7994858165388352,0.49452604443672327,0.7487764539555248,abs,rel,False,0.25425040951880157,44.7265625,49.859375,45.5234375,48.640625,False
0,13,sci.space,0,8,128,16,0.125,0.7901516802139499,0.0,0.12532646150302373,0.15007786996757916,0.3562600483607601,0.33554223315576576,0.47643531445107246,abs,rel,False,0.1408930812953067,15.4375,15.8046875,14.7578125,15.1484375,True
0,13,sci.space,0,8,128,32,0.25,0.7901516802139499,0.0,0.1345334028258316,0.15007786996757916,0.29808600828187165,0.698442434044502,0.5231437527022907,abs,abs,True,-0.17529868134221127,40.890625,32.453125,39.734375,32.4375,False
0,13,sci.space,0,8,128,48,0.375,0.7901516802139499,0.0,0.13696194437972303,0.15007786996757916,1.0279449994815042,0.276176708372444,1.352917404694395,abs,rel,False,1.076740696321951,40.890625,49.8125,39.734375,51.3046875,False
0,13,sci.space,0,9,128,16,0.125,0.8957720594375211,0.546875,0.28343317921467537,0.25074229704904843,0.06147136343262922,0.5903920705860102,0.3091634464009678,abs,abs,True,-0.28122862418504235,13.5703125,16.1328125,15.7890625,15.4453125,False
0,13,sci.space,0,9,128,32,0.25,0.8957720594375211,0.546875,0.2585970242399131,0.25074229704904843,0.23174399209995503,0.4117270293634162,0.4985166013189684,rel,rel,True,0.0867895719555522,42.203125,32.6484375,31.7734375,31.234375,False
0,13,sci.space,0,9,128,48,0.375,0.8957720594375211,0.546875,0.2500264824277177,0.25074229704904843,0.6061478263170721,0.9589492576608576,1.035592752661661,rel,rel,True,0.07664349500080347,42.203125,49.2890625,54.1015625,50.296875,False
0,13,sci.space,0,10,128,16,0.125,0.3184745841243027,0.0,0.2914396957998636,0.3004902435555057,1.232055664882889,1.0304852808189513,1.2881687438123524,abs,rel,False,0.25768346299340106,5.171875,14.421875,12.03125,16.9296875,False
0,13,sci.space,0,10,128,32,0.25,0.3184745841243027,0.0,0.29707284049201427,0.3004902435555057,1.5369183372396678,1.4780247594872455,1.6049393186473397,rel,rel,True,0.1269145591600942,5.171875,29.8515625,26.6640625,33.1875,False
0,13,sci.space,0,10,128,48,0.375,0.3184745841243027,0.0,0.29926305195698816,0.3004902435555057,1.8998995066797588,1.801191196886358,2.013905759338836,rel,rel,True,0.212714562452478,5.171875,29.8515625,26.6640625,33.1875,False
0,13,sci.space,0,11,128,16,0.125,0.7649307897849258,0.0,0.4314046682008155,0.5240074851309161,0.4972681309613409,-0.04866100507064377,0.6082662970405779,abs,rel,False,0.6569273021112216,18.234375,15.921875,16.8828125,16.25,False
0,13,sci.space,0,11,128,32,0.25,0.7649307897849258,0.0,0.47085905900622355,0.5240074851309161,0.3096553683288463,0.22627346493607128,0.3764525962941427,rel,rel,True,0.1501791313580714,47.375,30.375,38.7109375,30.65625,False
0,13,sci.space,0,11,128,48,0.375,0.7649307897849258,0.0,0.49127163669390306,0.5240074851309161,0.5913857901244715,-0.4377274231630547,1.0114353259871822,rel,rel,True,1.4491627491502368,47.375,45.7109375,38.7109375,50.9765625,False
0,13,sci.space,5,0,128,16,0.125,0.3635174803287711,0.0,0.6561778869455955,0.6577516119730574,0.14169331793209916,-0.7028406990028541,1.1484061549753095,abs,rel,False,1.8512468539781635,9.0234375,14.453125,15.109375,14.5703125,False
0,13,sci.space,5,0,128,32,0.25,0.3635174803287711,0.0,0.6561428530680025,0.6577516119730574,1.798352196796536,-3.1553177798821785,1.3621447001906668,rel,rel,True,4.517462480072846,9.0234375,27.7578125,15.109375,14.5703125,False
0,13,sci.space,5,0,128,48,0.375,0.3635174803287711,0.0,0.6569806735963798,0.6577516119730574,15.03803154263283,-72.06610077320973,7.367864640033705,rel,rel,True,79.43396541324343,9.0234375,27.7578125,15.109375,14.5703125,False
0,13,sci.space,5,1,128,16,0.125,0.15359374951949298,0.0,1.1934823766019007,1.1906634880883427,1.159020967283318,-10.430263242802882,2.1063248858082737,abs,rel,False,12.536588128611156,4.3828125,11.234375,4.921875,8.6171875,False
0,13,sci.space,5,1,128,32,0.25,0.15359374951949298,0.0,1.1912018942091736,1.1906634880883427,nan,nan,nan,rel,abs,False,nan,4.3828125,11.234375,4.921875,8.6171875,False
0,13,sci.space,5,1,128,48,0.375,0.15359374951949298,0.0,1.190752181741897,1.1906634880883427,nan,nan,nan,rel,abs,False,nan,4.3828125,11.234375,4.921875,8.6171875,False
0,13,sci.space,5,2,128,16,0.125,0.5923653107991951,0.0,0.5966700470085334,0.46325286694545825,-1.7290125044555602,-1.7290125044555602,0.26637947772691534,abs,rel,False,1.9953919821824755,15.7734375,14.7109375,16.546875,17.984375,True
0,13,sci.space,5,2,128,32,0.25,0.5923653107991951,0.0,0.5265538385522519,0.46325286694545825,-1.2818455390776977,-1.2818455390776977,0.5070643797853138,rel,rel,True,1.7889099188630115,52.609375,29.3203125,30.625,34.171875,False
0,13,sci.space,5,2,128,48,0.375,0.5923653107991951,0.0,0.49817886610991435,0.46325286694545825,-0.5892896968960211,0.13078711464307408,0.23584800889870575,rel,rel,True,0.10506089425563167,52.609375,53.3515625,66.53125,34.171875,False
0,13,sci.space,5,3,128,16,0.125,0.38209322271808444,0.0,0.6834477475386582,0.6734154361500736,-0.6778421021118789,-1.9053925862013579,0.8483552531954449,abs,rel,False,2.753747839396803,11.640625,17.6484375,18.7265625,15.1484375,False
0,13,sci.space,5,3,128,32,0.25,0.38209322271808444,0.0,0.6746488292753142,0.6734154361500736,-0.811280360877809,-21.71424471398623,-0.1855526529764554,rel,rel,True,21.528692061009775,11.640625,31.96875,18.7265625,15.1484375,False
0,13,sci.space,5,3,128,48,0.375,0.38209322271808444,0.0,0.673259797578588,0.6734154361500736,nan,nan,nan,rel,abs,False,nan,11.640625,31.96875,18.7265625,15.1484375,False
0,13,sci.space,5,4,128,16,0.125,0.6410995988626359,0.0,0.37436160402543633,0.3381698694417939,-0.507121212791461,-0.8261302141335702,0.6395933711584757,abs,rel,False,1.465723585292046,30.6328125,16.4921875,13.59375,19.7578125,False
0,13,sci.space,5,4,128,32,0.25,0.6410995988626359,0.0,0.34653008804689345,0.3381698694417939,0.07612252659882883,-0.8150906162191931,0.9509151175254412,rel,rel,True,1.7660057337446342,30.6328125,32.78125,31.1015625,31.984375,True
0,13,sci.space,5,4,128,48,0.375,0.6410995988626359,0.0,0.33815938621037567,0.3381698694417939,0.8789056915864827,0.569074067929049,1.608439145381522,rel,rel,True,1.039365077452473,30.6328125,52.5546875,59.2890625,60.46875,False
0,13,sci.space,5,5,128,16,0.125,0.3044525763558406,0.0,0.9085814388332443,0.8889298913640273,-0.6097134335412148,-0.6097134335412148,0.8792305777949341,abs,rel,False,1.488944011336149,12.6796875,17.2421875,20.7421875,15.1484375,False
0,13,sci.space,5,5,128,32,0.25,0.3044525763558406,0.0,0.8949630551772496,0.8889298913640273,-0.38325072522856835,-8.007241421284013,0.32422795297362167,rel,rel,True,8.331469374257635,12.6796875,35.1171875,20.7421875,15.1484375,False
0,13,sci.space,5,5,128,48,0.375,0.3044525763558406,0.0,0.8910810972352412,0.8889298913640273,nan,nan,nan,rel,abs,False,nan,12.6796875,35.1171875,20.7421875,15.1484375,False
0,13,sci.space,5,6,128,16,0.125,0.1867075244455368,0.0,0.9874332036646308,0.9894229518851853,1.074572390686364,0.7021851610279314,1.1419470672665133,abs,rel,False,0.4397619062385819,5.140625,11.34375,6.9765625,9.6328125,False
0,13,sci.space,5,6,128,32,0.25,0.1867075244455368,0.0,0.9889920818341749,0.9894229518851853,1.105452055922844,0.5788630783473331,1.2007258978517523,rel,rel,True,0.6218628195044192,5.140625,11.34375,6.9765625,9.6328125,False
0,13,sci.space,5,6,128,48,0.375,0.1867075244455368,0.0,0.989412457554059,0.9894229518851853,1.1782340001779548,0.28819862721591205,1.3392648858321519,rel,rel,True,1.0510662586162398,5.140625,11.34375,6.9765625,9.6328125,False
0,13,sci.space,5,7,128,16,0.125,0.21683260996465797,0.0,1.0738052366570991,1.0754639331729205,-0.2182875845887564,-13.061283076191174,1.2497366372888825,abs,rel,False,14.311019713480057,5.6953125,14.96875,7.96875,8.2734375,False
0,13,sci.space,5,7,128,32,0.25,0.21683260996465797,0.0,1.0748596795831067,1.0754639331729205,nan,nan,nan,rel,abs,False,nan,5.6953125,14.96875,7.96875,8.2734375,False
0,13,sci.space,5,7,128,48,0.375,0.21683260996465797,0.0,1.0752594603793408,1.0754639331729205,nan,nan,nan,rel,abs,False,nan,5.6953125,14.96875,7.96875,8.2734375,False
0,13,sci.space,5,8,128,16,0.125,0.46530396783719286,0.0,0.6370762786612074,0.6138163396057724,-0.7738649597647155,-0.7738649597647155,1.0415596262977527,abs,rel,False,1.815424586062468,19.453125,16.421875,24.7421875,25.6484375,False
0,13,sci.space,5,8,128,32,0.25,0.46530396783719286,0.0,0.6173403651948598,0.6138163396057724,-0.7190662178409047,-1.8150558044120337,1.0659535364260204,rel,rel,True,2.8810093408380544,19.453125,28.1796875,24.7421875,25.6484375,False
0,13,sci.space,5,8,128,48,0.375,0.46530396783719286,0.0,0.6140404852473994,0.6138163396057724,1.038943303404359,-6.471264053179295,1.1750431679213895,rel,rel,True,7.646307221100685,19.453125,44.8984375,24.7421875,25.6484375,False
0,13,sci.space,5,9,128,16,0.125,0.1780776507466039,0.0,0.29987000627348026,0.3007666063054867,1.463885660949347,0.9482960210324549,1.4794746014114175,abs,rel,False,0.5311785803789626,2.4453125,8.6796875,8.828125,4.3515625,False
0,13,sci.space,5,9,128,32,0.25,0.1780776507466039,0.0,0.3005277344321868,0.3007666063054867,2.0227829535868938,0.8860021924100931,2.0571537132617177,rel,rel,True,1.1711515208516246,2.4453125,8.6796875,8.828125,4.3515625,False
0,13,sci.space,5,9,128,48,0.375,0.1780776507466039,0.0,0.3007160368260797,0.3007666063054867,15.102778102477433,-0.5718738555147308,15.576703870606151,rel,rel,True,16.14857772612088,2.4453125,8.6796875,8.828125,4.3515625,False
0,13,sci.space,5,10,128,16,0.125,0.3550284484050933,0.0,0.4228836547830923,0.42531434960495035,0.9554185082972,0.9444735326977629,1.2359997048249713,abs,rel,False,0.29152617212720844,6.3515625,12.3359375,16.6875,14.6484375,False
0,13,sci.space,5,10,128,32,0.25,0.3550284484050933,0.0,0.4244434756908149,0.42531434960495035,1.3939521783523665,0.8950658168471254,1.4459933695283034,rel,rel,True,0.550927552681178,6.3515625,23.8828125,16.6875,14.6484375,False
0,13,sci.space,5,10,128,48,0.375,0.3550284484050933,0.0,0.42499867472423436,0.42531434960495035,1.7393089632064402,0.803075636042614,1.836971880703743,rel,rel,True,1.033896244661129,6.3515625,23.8828125,16.6875,14.6484375,False
0,13,sci.space,5,11,128,16,0.125,0.2894652493520682,0.0,0.7864733191309417,0.786596801550524,1.0283530109600225,0.5734746841196245,1.0723785485438784,abs,rel,False,0.49890386442425383,7.9375,22.25,13.84375,12.9921875,False
0,13,sci.space,5,11,128,32,0.25,0.2894652493520682,0.0,0.7868418197976477,0.786596801550524,1.0520098531738864,0.21759565200456554,1.1327688860986898,rel,rel,True,0.9151732340941242,7.9375,22.25,13.84375,12.9921875,False
0,13,sci.space,5,11,128,48,0.375,0.2894652493520682,0.0,0.7867058191538802,0.786596801550524,1.1122302367219863,-0.6883228817097894,1.2864973193897005,rel,rel,True,1.9748202010994897,7.9375,22.25,13.84375,12.9921875,False
0,13,sci.space,11,0,128,16,0.125,0.5973051383086041,0.0,0.881419081805967,0.661280620905886,-0.9175618940348578,-0.9001560408593563,0.9246777359418205,abs,rel,False,1.8248337768011766,14.65625,16.8984375,18.359375,20.3515625,False
0,13,sci.space,11,0,128,32,0.25,0.5973051383086041,0.0,0.7492205086790178,0.661280620905886,-1.6068544186946576,-0.8757880778058981,-0.0742215047778445,rel,rel,True,0.8015665730280536,36.53125,27.6484375,42.078125,20.3515625,False
0,13,sci.space,11,0,128,48,0.375,0.5973051383086041,0.0,0.7062541070703715,0.661280620905886,-4.411505663161188,-4.081840719141365,-1.9102555075106127,rel,rel,True,2.1715852116307524,36.53125,39.1953125,42.078125,20.3515625,False
0,13,sci.space,11,1,128,16,0.125,0.5585667711524097,0.0,1.2886131985633555,1.1120057578093516,-0.08028570473964117,-0.2173201683382535,-0.4931120292107977,abs,abs,True,-0.27579186087254426,29.0078125,16.3515625,14.84375,12.140625,False
0,13,sci.space,11,1,128,32,0.25,0.5585667711524097,0.0,1.1808446979886251,1.1120057578093516,0.1592703091995481,0.24760290093556514,0.8528945837512508,rel,rel,True,0.6052916828156857,29.0078125,28.5,30.78125,28.625,False
0,13,sci.space,11,1,128,48,0.375,0.5585667711524097,0.0,1.1426869921258782,1.1120057578093516,1.0278013925742184,-0.4032202757137135,0.725648460096106,rel,rel,True,1.1288687358098195,29.0078125,51.171875,30.78125,28.625,False
0,13,sci.space,11,2,128,16,0.125,0.720420215439062,0.0078125,0.8036850386367184,0.5768069784266593,-0.7321187846698876,-0.7321187846698876,-2.296663398236768,abs,abs,True,-1.5645446135668806,16.5625,16.5078125,16.4609375,13.890625,False
0,13,sci.space,11,2,128,32,0.25,0.720420215439062,0.0078125,0.685064861572342,0.5768069784266593,-0.9293669090348884,-0.8252680004055654,0.7616903678828666,rel,rel,True,1.5869583682884318,42.171875,33.046875,34.4296875,33.890625,False
0,13,sci.space,11,2,128,48,0.375,0.720420215439062,0.0078125,0.6370355732044963,0.5768069784266593,-1.5703482343015254,0.0946213095903956,0.6160212285955671,rel,rel,True,0.5213999190051715,42.171875,48.328125,65.4453125,33.890625,False
0,13,sci.space,11,3,128,16,0.125,0.5108720280305027,0.0,0.9667840616019415,0.8215289257665472,0.027396237690780607,0.027396237690780607,0.8701526605290282,abs,rel,False,0.8427564228382476,22.8828125,18.1171875,17.6484375,22.0625,False
0,13,sci.space,11,3,128,32,0.25,0.5108720280305027,0.0,0.8644626210222938,0.8215289257665472,0.7437121815002595,-1.3991491266967242,0.679701906194526,rel,rel,True,2.07885103289125,22.8828125,34.8203125,17.6484375,22.0625,False
0,13,sci.space,11,3,128,48,0.375,0.5108720280305027,0.0,0.8406033095064507,0.8215289257665472,-0.10132661413001123,-9.309685415268975,-0.3763932177035433,rel,rel,True,8.933292197565432,22.8828125,34.8203125,17.6484375,22.0625,False
0,13,sci.space,11,4,128,16,0.125,0.6133343652190308,0.0,0.84048158568694,0.7325770766022918,-1.9805004644519766,-1.9805004644519766,2.386340008440137,abs,rel,False,4.366840472892114,11.203125,17.1875,14.453125,27.0078125,False
0,13,sci.space,11,4,128,32,0.25,0.6133343652190308,0.0,0.7679831542120275,0.7325770766022918,-0.46824071643736903,-1.1643768042007925,0.7067138667154048,rel,rel,True,1.8710906709161974,29.0,37.5234375,33.4375,27.0078125,False
0,13,sci.space,11,4,128,48,0.375,0.6133343652190308,0.0,0.7489508386561192,0.7325770766022918,0.9006208430630979,-4.428609873024195,0.2643905646744592,rel,rel,True,4.693000437698654,29.0,64.546875,33.4375,27.0078125,False
0,13,sci.space,11,5,128,16,0.125,0.5789847493483308,0.0,0.6990565449169089,0.624495575807144,-0.20101661257194534,0.6833013473553848,0.654392240535081,abs,abs,True,-0.028909106820303787,21.5390625,16.125,25.9609375,17.8125,False
0,13,sci.space,11,5,128,32,0.25,0.5789847493483308,0.0,0.649337518167376,0.624495575807144,-0.002369772618221246,-0.2116685657963824,1.5307769568390326,rel,rel,True,1.742445522635415,21.5390625,29.328125,25.9609375,37.109375,False
0,13,sci.space,11,5,128,48,0.375,0.5789847493483308,0.0,0.6357128793607302,0.624495575807144,3.3055438074660928,-4.263142874946559,3.3055438074660928,rel,rel,True,7.568686682412652,21.5390625,51.8046875,25.9609375,37.109375,False
0,13,sci.space,11,6,128,16,0.125,0.5773734357560281,0.0,1.0843889674298417,0.8186240146455818,-1.319764922222526,-1.2225447786673602,0.13868981098440938,abs,rel,False,1.3612345896517697,18.90625,16.53125,19.9296875,21.21875,False
0,13,sci.space,11,6,128,32,0.25,0.5773734357560281,0.0,0.9394144105162943,0.8186240146455818,-0.26078330990190135,0.10037359277041723,0.9358211738311774,rel,rel,True,0.8354475810607601,49.78125,37.765625,45.3515625,50.328125,False
0,13,sci.space,11,6,128,48,0.375,0.5773734357560281,0.0,0.8845695854368805,0.8186240146455818,-1.1801386098190392,-0.5556283537466914,0.8890223754037468,rel,rel,True,1.4446507291504382,49.78125,37.765625,45.3515625,50.328125,False
0,13,sci.space,11,7,128,16,0.125,0.4888929026811543,0.0,0.5502290963877341,0.5887500718195772,0.26161072565722204,0.14842051674486523,0.778549575589241,abs,rel,False,0.6301290588443758,9.9921875,20.234375,13.9921875,13.1484375,False
0,13,sci.space,11,7,128,32,0.25,0.4888929026811543,0.0,0.598094738194468,0.5887500718195772,0.8271746894831262,0.9751537115900857,0.8695370634732442,rel,abs,False,-0.10561664811684146,31.828125,44.0078125,47.34375,33.1171875,False
0,13,sci.space,11,7,128,48,0.375,0.4888929026811543,0.0,0.6004127272675998,0.5887500718195772,0.431459624900745,0.9182636033451955,0.5708183792776689,rel,abs,False,-0.34744522406752665,31.828125,44.0078125,47.34375,33.1171875,False
0,13,sci.space,11,8,128,16,0.125,0.5292448999206196,0.0078125,0.3486681950242599,0.39478441263841896,0.2952109159852309,0.2677625336599728,1.0834234437070465,abs,rel,False,0.8156609100470736,21.125,16.3046875,13.8984375,28.59375,False
0,13,sci.space,11,8,128,32,0.25,0.5292448999206196,0.0078125,0.37217921279264216,0.39478441263841896,-0.20816824648961024,-0.42215189134266207,1.168335195509084,rel,rel,True,1.590487086851746,21.125,30.25,28.1796875,28.59375,False
0,13,sci.space,11,8,128,48,0.375,0.5292448999206196,0.0078125,0.38239256736570953,0.39478441263841896,0.3311513208359725,-0.4235347429214536,1.2909157459228695,rel,rel,True,1.714450488844323,21.125,41.4609375,51.703125,28.59375,False
0,13,sci.space,11,9,128,16,0.125,0.739970647922507,0.0078125,0.636770503639035,0.46873606165445925,-0.6189052226751948,-0.6189052226751948,-0.6081799558543469,abs,rel,False,0.010725266820847845,15.5078125,15.859375,13.9765625,15.0703125,False
0,13,sci.space,11,9,128,32,0.25,0.739970647922507,0.0078125,0.5406280486165489,0.46873606165445925,-0.8005549493575319,-0.6712149027892181,0.8985271006185264,rel,rel,True,1.5697420034077445,40.1484375,29.5859375,30.3671875,36.921875,False
0,13,sci.space,11,9,128,48,0.375,0.739970647922507,0.0078125,0.5089490040977095,0.46873606165445925,-0.9525802042846614,0.1407427395815401,0.8487098890509963,rel,rel,True,0.7079671494694562,40.1484375,51.3515625,62.9140625,36.921875,False
0,13,sci.space,11,10,128,16,0.125,0.5268115367649493,0.0,0.9440707739705004,0.7602609631279382,-1.3600713010009944,0.6299323762503929,-1.371806813935979,abs,abs,True,-2.0017391901863717,13.140625,16.4296875,26.3125,12.640625,False
0,13,sci.space,11,10,128,32,0.25,0.5268115367649493,0.0,0.8314356766039828,0.7602609631279382,-1.2079678045896352,-0.4879911691763073,0.39682146200277685,rel,rel,True,0.8848126311790842,33.1953125,24.4375,26.3125,28.1484375,False
0,13,sci.space,11,10,128,48,0.375,0.5268115367649493,0.0,0.797523592717531,0.7602609631279382,0.017631774910135137,-1.8903947810506934,-0.17166293347967337,rel,rel,True,1.71873184757102,33.1953125,48.078125,26.3125,28.1484375,False
0,13,sci.space,11,11,128,16,0.125,0.49521450516133575,0.0,0.862787904140162,0.8606372106560297,-0.7422859951183165,-1.6052050757526224,2.2739703416715478,abs,rel,False,3.87917541742417,11.2421875,19.3203125,13.234375,26.0,False
0,13,sci.space,11,11,128,32,0.25,0.49521450516133575,0.0,0.9110376762024816,0.8606372106560297,0.5258030025347992,-0.35101688047727786,0.620599451967588,rel,rel,True,0.9716163324448659,29.3984375,37.7265625,28.15625,26.0,False
0,13,sci.space,11,11,128,48,0.375,0.49521450516133575,0.0,0.889908151305673,0.8606372106560297,-0.12529099143410627,-2.206024359080967,0.09966528441090125,rel,rel,True,2.3056896434918683,29.3984375,37.7265625,28.15625,26.0,False
1,17,rec.autos,0,0,128,16,0.125,0.9674654814232467,0.9921875,0.2526200053730679,0.17677035062216995,-1.0831367255418758,-0.004045666675714186,-1.3514072246240338,abs,abs,True,-1.3473615579483196,14.0625,15.984375,14.71875,22.4921875,False
1,17,rec.autos,0,0,128,32,0.25,0.9674654814232467,0.9921875,0.3818912188004411,0.17677035062216995,-0.3850853202756117,0.2602579497806582,-1.4653920919925836,rel,abs,False,-1.7256500417732417,37.2265625,33.078125,34.7890625,32.4453125,False
1,17,rec.autos,0,0,128,48,0.375,0.9674654814232467,0.9921875,0.4465139939889813,0.17677035062216995,-0.5457675876766145,-0.1704627817496437,-0.436605835171823,rel,abs,False,-0.2661430534221793,57.65625,47.125,47.5390625,48.0546875,False
1,17,rec.autos,0,1,128,16,0.125,0.8378855504543131,0.1015625,0.2073376213057923,0.27518259280376584,0.42323760658663184,0.7202300768383664,-1.8465848782635998,abs,abs,True,-2.5668149551019663,18.1953125,15.9296875,17.5390625,16.1875,False
1,17,rec.autos,0,1,128,32,0.25,0.8378855504543131,0.1015625,0.2758706235708349,0.27518259280376584,0.5177038445580696,0.7473330327780403,0.0708051866876181,rel,abs,False,-0.6765278460904223,38.4609375,32.8671875,36.375,31.0,False
1,17,rec.autos,0,1,128,48,0.375,0.8378855504543131,0.1015625,0.2993193093120768,0.27518259280376584,0.8773881549276752,1.2224413421415885,0.891637305852842,rel,abs,False,-0.33080403628874655,38.4609375,49.7421875,48.203125,47.1640625,False
1,17,rec.autos,0,2,128,16,0.125,0.5054202330219462,0.0,0.4163454475145481,0.37790164462182513,0.3940322720620415,0.4377928582619075,1.0589180641577693,abs,rel,False,0.6211252058958618,10.8125,14.4921875,15.703125,21.0625,False
1,17,rec.autos,0,2,128,32,0.25,0.5054202330219462,0.0,0.3998205548906456,0.37790164462182513,-0.16563357312524624,0.2211369558955168,1.1225942090284446,rel,rel,True,0.9014572531329279,10.8125,30.015625,25.75,21.0625,False
1,17,rec.autos,0,2,128,48,0.375,0.5054202330219462,0.0,0.38919332625279085,0.37790164462182513,-0.38436032155963656,1.1550632839645,1.3636466400659852,rel,rel,True,0.20858335610148515,10.8125,40.4921875,48.4140625,21.0625,False
1,17,rec.autos,0,3,128,16,0.125,0.38562209372720485,0.0,0.3099028816155946,0.31210060485570484,0.9787185919890635,1.1301946569197328,1.131861091096036,abs,rel,False,0.0016664341763032997,4.1015625,16.9765625,25.984375,14.640625,False
1,17,rec.autos,0,3,128,32,0.25,0.38562209372720485,0.0,0.3133163641389168,0.31210060485570484,1.2773438186006252,1.268043473418423,1.27147431163719,rel,rel,True,0.003430838218767107,4.1015625,35.796875,25.984375,14.640625,False
1,17,rec.autos,0,3,128,48,0.375,0.38562209372720485,0.0,0.31338464063066424,0.31210060485570484,1.6814875796550894,1.6586348268511677,1.667065062093809,rel,rel,True,0.008430235242641304,4.1015625,35.796875,25.984375,14.640625,False
1,17,rec.autos,0,4,128,16,0.125,0.9639098962868728,0.96875,0.32786763202946295,0.20020943540332245,-0.29459853460081054,0.29796960522967036,0.6085530810569038,abs,rel,False,0.3105834758272334,18.6171875,16.640625,15.75,15.96875,False
1,17,rec.autos,0,4,128,32,0.25,0.9639098962868728,0.96875,0.3359063147710623,0.20020943540332245,-0.2613026303562951,0.17789648888835716,0.770109442706232,rel,rel,True,0.5922129538178749,80.53125,33.4609375,31.15625,37.8671875,False
1,17,rec.autos,0,4,128,48,0.375,0.9639098962868728,0.96875,0.3227810208661625,0.20020943540332245,-0.4735270418833281,0.11095736943693958,0.794495042515542,rel,rel,True,0.6835376730786025,80.53125,46.6796875,45.140625,53.6796875,False
1,17,rec.autos,0,5,128,16,0.125,0.8529029262980677,0.1484375,0.48067147633202767,0.2608714856543644,-0.40438867720128113,0.48728454727717757,-5.986032512092162,abs,abs,True,-6.473317059369339,16.1875,16.5,16.8984375,16.6484375,True
1,17,rec.autos,0,5,128,32,0.25,0.8529029262980677,0.1484375,0.37102717913175254,0.2608714856543644,-0.35058717930346367,0.4355483844496133,0.08587746614957466,rel,abs,False,-0.34967091830003866,29.4453125,32.9609375,30.0625,29.828125,False
1,17,rec.autos,0,5,128,48,0.375,0.8529029262980677,0.1484375,0.33080899173838,0.2608714856543644,-0.23528030751715057,0.4938722019589213,0.5866480286083009,rel,rel,True,0.09277582664937961,64.5390625,49.375,50.125,47.28125,False
1,17,rec.autos,0,6,128,16,0.125,0.9491610410391096,0.921875,0.3124440388229854,0.20107107831967355,-1.053017317404903,0.6310898986254035,-2.4997891656047653,abs,abs,True,-3.130879064230169,14.875,15.2265625,16.15625,15.9140625,True
1,17,rec.autos,0,6,128,32,0.25,0.9491610410391096,0.921875,0.34066270417092676,0.20107107831967355,-0.20629770282606763,0.4542289061657973,0.7370584991722522,rel,rel,True,0.2828295930064549,56.34375,32.046875,29.9453125,32.984375,False
1,17,rec.autos,0,6,128,48,0.375,0.9491610410391096,0.921875,0.3186384087044383,0.20107107831967355,-0.35973682710417043,0.4145915831899975,0.8023218307060584,rel,rel,True,0.38773024751606094,56.34375,48.25,39.4765625,47.328125,False
1,17,rec.autos,0,7,128,16,0.125,0.9432393492911192,0.921875,0.3516363608030246,0.24501971077604265,-0.9060653224027341,0.518254419761122,0.8050465994714282,abs,rel,False,0.28679217971030624,15.484375,15.28125,14.984375,16.4375,True
1,17,rec.autos,0,7,128,32,0.25,0.9432393492911192,0.921875,0.35057688621334987,0.24501971077604265,-0.21064063244245987,0.31062408861854884,0.7914615960230683,rel,rel,True,0.48083750740451947,29.7265625,32.5234375,22.0859375,27.6015625,False
1,17,rec.autos,0,7,128,48,0.375,0.9432393492911192,0.921875,0.3338689668429651,0.24501971077604265,-0.4048224628732391,0.31771065830180845,0.8078529694066663,rel,rel,True,0.49014231110485784,29.7265625,48.5078125,55.1484375,49.0859375,False
1,17,rec.autos,0,8,128,16,0.125,0.8039174080638687,0.015625,0.3610497374847341,0.35023864795145193,0.06211398095185059,0.5490910483151885,0.9940429915056347,abs,rel,False,0.4449519431904462,9.8125,16.375,14.2265625,17.234375,False
1,17,rec.autos,0,8,128,32,0.25,0.8039174080638687,0.015625,0.3787845683664476,0.35023864795145193,0.15937155683207124,0.6149715861076944,0.6345186850772059,rel,rel,True,0.019547098969511456,33.59375,30.8203125,32.1640625,30.0625,True
1,17,rec.autos,0,8,128,48,0.375,0.8039174080638687,0.015625,0.37537145481364204,0.35023864795145193,0.3932382796379135,0.8005690828811072,0.736190168500793,rel,abs,False,-0.06437891438031418,33.59375,51.3125,45.625,45.59375,False
1,17,rec.autos,0,9,128,16,0.125,0.9001160772906551,0.8515625,0.35503357786381434,0.3104194131957162,-1.263672025852191,0.3580855062211866,1.0342003424319177,abs,rel,False,0.6761148362107311,13.234375,15.3984375,14.046875,16.3671875,False
1,17,rec.autos,0,9,128,32,0.25,0.9001160772906551,0.8515625,0.37668277642919723,0.3104194131957162,-0.3864752524339077,0.10579847197897314,0.8022606881595483,rel,rel,True,0.6964622161805751,28.5859375,31.1875,29.953125,33.8046875,False
1,17,rec.autos,0,9,128,48,0.375,0.9001160772906551,0.8515625,0.36683764672283314,0.3104194131957162,-0.4414623304692184,0.15758832249160343,0.879977769005022,rel,rel,True,0.7223894465134186,28.5859375,46.46875,49.984375,46.171875,False
1,17,rec.autos,0,10,128,16,0.125,0.34369848851585494,0.0,0.28985808962428955,0.29108207921499835,0.9906451452456664,1.0375084098287968,1.136916803420827,abs,rel,False,0.09940839359203024,3.6953125,18.1875,13.109375,19.3125,False
1,17,rec.autos,0,10,128,32,0.25,0.34369848851585494,0.0,0.2915911498754501,0.29108207921499835,1.1679154831720682,1.1784398876891633,1.1462582816924551,rel,abs,False,-0.03218160599670816,3.6953125,36.6328125,30.109375,19.3125,False
1,17,rec.autos,0,10,128,48,0.375,0.34369848851585494,0.0,0.2923512345903038,0.29108207921499835,1.1755745205206771,1.1865789689607362,1.1529294809223556,rel,abs,False,-0.03364948803838064,3.6953125,36.6328125,30.109375,19.3125,False
1,17,rec.autos,0,11,128,16,0.125,0.7343877779842047,0.0,0.3167653315155776,0.2670865888411347,0.23610925172036057,0.00855459401941186,-3.860477248854379,abs,abs,True,-3.869031842873791,21.7578125,16.6015625,14.765625,16.734375,False
1,17,rec.autos,0,11,128,32,0.25,0.7343877779842047,0.0,0.3212179216305523,0.2670865888411347,1.0243924493790044,2.0306333628821562,0.19022227571704717,rel,abs,False,-1.8404110871651091,21.7578125,30.8515625,32.390625,31.5390625,False
1,17,rec.autos,0,11,128,48,0.375,0.7343877779842047,0.0,0.3132473542854163,0.2670865888411347,0.4804172324696477,0.40522209101078294,0.47973418199462264,rel,rel,True,0.07451209098383971,56.8203125,51.1328125,46.75,45.7265625,False
1,17,rec.autos,5,0,128,16,0.125,0.4257895876787946,0.0,0.4792212814778532,0.4857951256285983,0.8108409093035827,0.6847543817927416,0.4413470929944756,abs,abs,True,-0.243407288798266,5.8828125,20.328125,15.953125,6.28125,False
1,17,rec.autos,5,0,128,32,0.25,0.4257895876787946,0.0,0.4841973160607477,0.4857951256285983,0.6658159529926817,0.44306109684729567,0.013037709960586076,rel,abs,False,-0.4300233868867096,5.8828125,20.328125,15.953125,6.28125,False
1,17,rec.autos,5,0,128,48,0.375,0.4257895876787946,0.0,0.4855190442262082,0.4857951256285983,0.216933506334135,-0.3050299617334824,-1.3126690419925147,rel,abs,False,-1.0076390802590323,5.8828125,20.328125,15.953125,6.28125,False
1,17,rec.autos,5,1,128,16,0.125,0.3556165412068767,0.0,0.5937677987023785,0.5942404262140183,0.9052078605953756,1.2062675121637638,0.41956559900624635,abs,abs,True,-0.7867019131575175,4.4140625,19.3984375,17.2265625,5.4375,False
1,17,rec.autos,5,1,128,32,0.25,0.3556165412068767,0.0,0.5940562080544802,0.5942404262140183,0.740614015072475,1.564423401952863,-0.5882809453738095,rel,abs,False,-2.1527043473266723,4.4140625,19.3984375,17.2265625,5.4375,False
1,17,rec.autos,5,1,128,48,0.375,0.3556165412068767,0.0,0.5941794773300013,0.5942404262140183,nan,nan,nan,rel,abs,False,nan,4.4140625,19.3984375,17.2265625,5.4375,False
1,17,rec.autos,5,2,128,16,0.125,0.4063047995974136,0.0,0.8233555057873662,0.7232999149546901,-0.6917865980973226,-0.6917865980973226,-3.9253807365097244,abs,abs,True,-3.2335941384124016,26.109375,15.125,18.5625,14.9609375,False
1,17,rec.autos,5,2,128,32,0.25,0.4063047995974136,0.0,0.7761374897698105,0.7232999149546901,-0.3337941169887972,-0.3337941169887972,0.7510229438194839,rel,rel,True,1.084817060808281,26.109375,28.953125,33.203125,31.9453125,False
1,17,rec.autos,5,2,128,48,0.375,0.4063047995974136,0.0,0.7542789276793781,0.7232999149546901,-0.004953419937588934,0.610154675467727,0.9184357027401473,rel,rel,True,0.30828102727242035,64.8046875,43.7890625,67.6484375,64.671875,False
1,17,rec.autos,5,3,128,16,0.125,0.35907249159393156,0.0,0.5043176919712805,0.4667588082365477,0.1782252735943182,0.4847723874611502,0.4798747273833159,abs,abs,True,-0.0048976600778343204,12.5078125,17.625,18.796875,8.8046875,False
1,17,rec.autos,5,3,128,32,0.25,0.35907249159393156,0.0,0.47611359390915753,0.4667588082365477,0.5442955804666445,-0.19563241066866507,-0.20699787514103973,rel,abs,False,-0.011365464472374659,12.5078125,30.1171875,18.796875,8.8046875,False
1,17,rec.autos,5,3,128,48,0.375,0.35907249159393156,0.0,0.4703922904121402,0.4667588082365477,-1.1349729843137708,-4.601532016216722,-4.654779161872113,rel,abs,False,-0.05324714565539068,12.5078125,30.1171875,18.796875,8.8046875,False
1,17,rec.autos,5,4,128,16,0.125,0.6998528107565665,0.0,0.34534950636400696,0.4165955603362964,-0.15400649141154754,-0.15400649141154754,1.0518200633776804,abs,rel,False,1.205826554789228,14.0,15.0859375,15.234375,19.9609375,False
1,17,rec.autos,5,4,128,32,0.25,0.6998528107565665,0.0,0.4048766865564451,0.4165955603362964,-0.14059798865701867,-0.07834443797821439,1.012915545416532,rel,rel,True,1.0912599833947463,35.53125,33.5703125,30.5078125,43.765625,False
1,17,rec.autos,5,4,128,48,0.375,0.6998528107565665,0.0,0.42569255707986536,0.4165955603362964,-0.05416305093478104,0.20132324165733154,1.0149565309141422,rel,rel,True,0.8136332892568107,35.53125,50.1875,45.4296875,43.765625,False
1,17,rec.autos,5,5,128,16,0.125,0.5268489180735971,0.0,0.6512539183866866,0.631390087286474,-0.7831563477980931,-0.7831563477980931,0.617755281398506,abs,rel,False,1.400911629196599,10.296875,15.6484375,16.03125,10.5234375,False
1,17,rec.autos,5,5,128,32,0.25,0.5268489180735971,0.0,0.6379741314647134,0.631390087286474,-0.7669118239085686,0.09699083091523301,0.11008672281211127,rel,rel,True,0.01309589189687825,10.296875,29.8828125,40.625,10.5234375,False
1,17,rec.autos,5,5,128,48,0.375,0.5268489180735971,0.0,0.6340740191929146,0.631390087286474,-0.18064451573736934,-0.2842029881680916,-0.2655788323095827,rel,rel,True,0.018624155858508906,10.296875,44.03125,40.625,10.5234375,False
1,17,rec.autos,5,6,128,16,0.125,0.16211444725036403,0.0,1.0178330815410344,0.9940783049495268,0.9524676856563914,0.8084741449080644,1.0419110605960598,abs,rel,False,0.2334369156879954,8.9609375,12.84375,10.15625,12.640625,False
1,17,rec.autos,5,6,128,32,0.25,0.16211444725036403,0.0,1.0005434803921704,0.9940783049495268,0.9425324567975221,0.7684413118973799,1.0506713320974574,rel,rel,True,0.2822300202000776,8.9609375,12.84375,10.15625,12.640625,False
1,17,rec.autos,5,6,128,48,0.375,0.16211444725036403,0.0,0.9964144157268853,0.9940783049495268,0.9329451311721266,0.7298103139372396,1.0591248440038084,rel,rel,True,0.32931453006656874,8.9609375,12.84375,10.15625,12.640625,False
1,17,rec.autos,5,7,128,16,0.125,0.19471996207527464,0.0,1.1840546287926237,1.1673283802790766,0.7594380149841612,-1.0712433966121124,-0.7014901264751465,abs,rel,False,0.3697532701369659,8.2421875,14.0859375,9.8984375,8.0078125,False
1,17,rec.autos,5,7,128,32,0.25,0.19471996207527464,0.0,1.172087373450345,1.1673283802790766,nan,nan,nan,rel,abs,False,nan,8.2421875,14.0859375,9.8984375,8.0078125,False
1,17,rec.autos,5,7,128,48,0.375,0.19471996207527464,0.0,1.1689004843197617,1.1673283802790766,nan,nan,nan,rel,abs,False,nan,8.2421875,14.0859375,9.8984375,8.0078125,False
1,17,rec.autos,5,8,128,16,0.125,0.24463539266167061,0.0,1.1260516389952768,1.0574410800097134,0.07000141719264037,-0.31831461150557144,0.276720853249494,abs,rel,False,0.5950354647550655,17.875,21.9140625,17.9921875,11.7109375,False
1,17,rec.autos,5,8,128,32,0.25,0.24463539266167061,0.0,1.0841350350951602,1.0574410800097134,-0.14301193258558145,-0.6202705678369004,0.11105596222462982,rel,rel,True,0.7313265300615301,17.875,21.9140625,17.9921875,11.7109375,False
1,17,rec.autos,5,8,128,48,0.375,0.24463539266167061,0.0,1.0663594058287476,1.0574410800097134,-0.4619857688097963,-1.072430255772115,-0.13701659225556828,rel,rel,True,0.9354136635165468,17.875,21.9140625,17.9921875,11.7109375,False
1,17,rec.autos,5,9,128,16,0.125,0.28220970537744555,0.0,0.2856472737491356,0.2862548058523941,1.089510165656246,1.089510165656246,1.3390049227407657,abs,rel,False,0.24949475708451962,2.2109375,10.640625,10.34375,4.9140625,False
1,17,rec.autos,5,9,128,32,0.25,0.28220970537744555,0.0,0.28627402290882537,0.2862548058523941,1.1056533452201849,1.1056533452201849,1.400144540802477,rel,rel,True,0.2944911955822922,2.2109375,10.640625,10.34375,4.9140625,False
1,17,rec.autos,5,9,128,48,0.375,0.28220970537744555,0.0,0.2864027002281153,0.2862548058523941,1.1259516565776393,1.1259516565776393,1.4770210321266972,rel,rel,True,0.3510693755490579,2.2109375,10.640625,10.34375,4.9140625,False
1,17,rec.autos,5,10,128,16,0.125,0.36872963374683726,0.0,0.33242064842682334,0.33696907323460007,0.8092898895323622,0.6782637819107696,1.2248717925541275,abs,rel,False,0.5466080106433578,3.5390625,16.703125,13.8828125,7.3515625,False
1,17,rec.autos,5,10,128,32,0.25,0.36872963374683726,0.0,0.3358486504901299,0.33696907323460007,0.6714056129923395,0.44564703411918116,1.387455120488623,rel,rel,True,0.9418080863694418,3.5390625,16.703125,13.8828125,7.3515625,False
1,17,rec.autos,5,10,128,48,0.375,0.36872963374683726,0.0,0.3367109079560051,0.33696907323460007,0.607835167181595,0.33840093810862915,1.462412866923115,rel,rel,True,1.1240119288144856,3.5390625,16.703125,13.8828125,7.3515625,False
1,17,rec.autos,5,11,128,16,0.125,0.4885137336941957,0.0,0.496030665443921,0.5005045161423135,0.16652037911066497,0.3150336609830764,0.8232764106649139,abs,rel,False,0.5082427496818375,7.7421875,17.7265625,16.5546875,8.515625,False
1,17,rec.autos,5,11,128,32,0.25,0.4885137336941957,0.0,0.49856416200892967,0.5005045161423135,0.8394627865828894,0.8903104928792348,0.7764526509131243,rel,abs,False,-0.11385784196611048,7.7421875,34.953125,29.90625,8.515625,False
1,17,rec.autos,5,11,128,48,0.375,0.4885137336941957,0.0,0.500050199728959,0.5005045161423135,0.801259658160391,0.8642076209161631,0.7232549660655265,rel,abs,False,-0.14095265485063657,7.7421875,34.953125,29.90625,8.515625,False
1,17,rec.autos,11,0,128,16,0.125,0.5290295146914759,0.0,0.9215839664762938,0.8678944244597583,-0.7177073119358172,-0.7177073119358172,1.069706290036974,abs,rel,False,1.787413601972791,17.609375,16.046875,17.1171875,23.8515625,False
1,17,rec.autos,11,0,128,32,0.25,0.5290295146914759,0.0,0.9060986160858807,0.8678944244597583,-0.19781969664950325,-0.40888777039692015,0.42516191195033076,rel,rel,True,0.834049682347251,39.8828125,31.9140625,25.3828125,23.8515625,False
1,17,rec.autos,11,0,128,48,0.375,0.5290295146914759,0.0,0.8930420693428164,0.8678944244597583,0.32143533962978005,0.37695609569271443,0.06706370376336111,rel,abs,False,-0.3098923919293533,39.8828125,50.3984375,45.609375,23.8515625,False
1,17,rec.autos,11,1,128,16,0.125,0.4586637318399206,0.0,0.5129896794867594,0.5704231284597989,-0.5119501175159578,-0.2863601454663036,1.6177736455272589,abs,rel,False,1.9041337909935625,12.375,16.390625,17.109375,21.578125,False
1,17,rec.autos,11,1,128,32,0.25,0.4586637318399206,0.0,0.5492922436628896,0.5704231284597989,0.8529487708225924,0.6947747849817354,0.4839763308788018,rel,abs,False,-0.21079845410293357,26.421875,34.390625,29.8671875,21.578125,False
1,17,rec.autos,11,1,128,48,0.375,0.4586637318399206,0.0,0.5688323396170686,0.5704231284597989,0.6100604251767411,0.19062634678169987,-0.3683534048743092,rel,abs,False,-0.5589797516560091,26.421875,34.390625,29.8671875,21.578125,False
1,17,rec.autos,11,2,128,16,0.125,0.7388650451169703,0.0,0.48873913845325945,0.43139016858119406,-0.8920850988169846,-0.867230071035513,0.5863783556036211,abs,rel,False,1.453608426639134,18.2265625,15.65625,14.671875,17.015625,False
1,17,rec.autos,11,2,128,32,0.25,0.7388650451169703,0.0,0.4432567679734464,0.43139016858119406,-2.2581958738575536,-2.2581958738575536,0.27259651809340796,rel,rel,True,2.5307923919509614,18.2265625,30.9921875,28.484375,17.015625,False
1,17,rec.autos,11,2,128,48,0.375,0.7388650451169703,0.0,0.4344951846576079,0.43139016858119406,-0.49688217216979114,0.3365303757885396,-0.08455110915559151,rel,abs,False,-0.4210814849441311,18.2265625,48.71875,56.7890625,17.015625,False
1,17,rec.autos,11,3,128,16,0.125,0.5954343127902705,0.0,0.717861077709818,0.6763519401200163,-1.2221968755990513,-0.8082278778359183,0.3950855758381382,abs,rel,False,1.2033134536740566,13.984375,16.09375,19.0234375,11.515625,False
1,17,rec.autos,11,3,128,32,0.25,0.5954343127902705,0.0,0.6803751111105871,0.6763519401200163,0.8616661540396641,0.16449444097419202,0.007171408892466586,rel,abs,False,-0.15732303208172543,13.984375,39.015625,31.46875,11.515625,False
1,17,rec.autos,11,3,128,48,0.375,0.5954343127902705,0.0,0.6781694994072156,0.6763519401200163,0.8091860132184877,-0.15247389811993206,-0.36948105754407745,rel,abs,False,-0.2170071594241454,13.984375,39.015625,31.46875,11.515625,False
1,17,rec.autos,11,4,128,16,0.125,0.6735684214779638,0.0,0.6114482252729819,0.5896266979990827,-0.11435052883769968,-0.009399726735827925,0.5917776245744192,abs,rel,False,0.6011773513102471,12.9921875,15.515625,15.75,8.6484375,False
1,17,rec.autos,11,4,128,32,0.25,0.6735684214779638,0.0,0.5916751837122809,0.5896266979990827,0.1679753264901672,0.2900254109298487,0.5002383119646058,rel,rel,True,0.2102129010347571,12.9921875,30.546875,28.8984375,8.6484375,False
1,17,rec.autos,11,4,128,48,0.375,0.6735684214779638,0.0,0.5895407944510258,0.5896266979990827,0.5763432942807697,0.24153135262941514,0.18396063469101306,rel,abs,False,-0.05757071793840207,12.9921875,48.53125,42.328125,8.6484375,False
1,17,rec.autos,11,5,128,16,0.125,0.6465980078168316,0.0,0.5825723440685544,0.5522809884117982,-1.1517826599023944,-0.33657801477004123,0.7524065050648368,abs,rel,False,1.088984519834878,14.453125,15.53125,16.90625,22.25,False
1,17,rec.autos,11,5,128,32,0.25,0.6465980078168316,0.0,0.5539467397702073,0.5522809884117982,0.40845638068106616,0.8485983019116307,0.644393440806663,rel,abs,False,-0.2042048611049676,14.453125,32.5546875,37.609375,22.25,False
1,17,rec.autos,11,5,128,48,0.375,0.6465980078168316,0.0,0.5538584245895862,0.5522809884117982,0.8505403727989732,0.6986093249558886,0.2921050273634488,rel,abs,False,-0.4065042975924398,14.453125,45.453125,37.609375,22.25,False
1,17,rec.autos,11,6,128,16,0.125,0.44253315829504686,0.0,0.7987284898770377,0.5434576609851363,-1.0872439369240912,-1.0872439369240912,-0.6236148966135121,abs,rel,False,0.46362904031057905,20.1875,18.6796875,15.375,13.6484375,False
1,17,rec.autos,11,6,128,32,0.25,0.44253315829504686,0.0,0.6633580241639402,0.5434576609851363,-0.12504241239178304,-0.3110433588295491,0.8830984416967094,rel,rel,True,1.1941418005262585,47.125,29.6875,26.0078125,43.6171875,False
1,17,rec.autos,11,6,128,48,0.375,0.44253315829504686,0.0,0.6025023131986302,0.5434576609851363,0.2876829347669964,0.42672532192618745,0.7422103144673973,rel,rel,True,0.3154849925412098,47.125,55.1171875,52.40625,43.6171875,False
1,17,rec.autos,11,7,128,16,0.125,0.4306937329758313,0.0,0.6915451339267041,0.6896345293038691,-1.4259982448912867,-0.7733356381633605,0.02867981301423727,abs,rel,False,0.8020154511775978,12.078125,14.8671875,15.6953125,12.4453125,False
1,17,rec.autos,11,7,128,32,0.25,0.4306937329758313,0.0,0.6929408650176474,0.6896345293038691,0.8048484319501293,0.9573292154320796,0.6604352247149868,rel,abs,False,-0.29689399071709277,26.859375,35.7109375,36.5,24.3671875,False
1,17,rec.autos,11,7,128,48,0.375,0.4306937329758313,0.0,0.6988744256317545,0.6896345293038691,0.7074799655967915,0.9360391541069748,0.4910135709332023,rel,abs,False,-0.4450255831737725,26.859375,35.7109375,36.5,24.3671875,False
1,17,rec.autos,11,8,128,16,0.125,0.6615509579492176,0.0,0.28697534560109794,0.29996150781064784,0.17859245196171947,0.17859245196171947,0.7575350130570478,abs,rel,False,0.5789425610953284,11.5078125,16.40625,15.84375,16.3671875,False
1,17,rec.autos,11,8,128,32,0.25,0.6615509579492176,0.0,0.29703381791741684,0.29996150781064784,-0.37288727788280734,-0.3375750462398978,0.5182929990095138,rel,rel,True,0.8558680452494116,11.5078125,33.421875,35.0390625,16.3671875,False
1,17,rec.autos,11,8,128,48,0.375,0.6615509579492176,0.0,0.2984673932730991,0.29996150781064784,0.5897883131586934,0.4021144874541892,0.39431475690735646,rel,abs,False,-0.0077997305468327505,11.5078125,58.25,53.515625,16.3671875,False
1,17,rec.autos,11,9,128,16,0.125,0.7728422513623829,0.03125,0.4239767008044422,0.4146224240874904,-0.25469497615272013,-0.1839216335181397,0.6722298666576414,abs,rel,False,0.8561515001757811,21.703125,15.9375,16.5625,17.96875,False
1,17,rec.autos,11,9,128,32,0.25,0.7728422513623829,0.03125,0.41875940534384487,0.4146224240874904,-0.549218832149104,-0.549218832149104,0.5710968962691695,rel,rel,True,1.1203157284182734,21.703125,31.2890625,29.21875,17.96875,False
1,17,rec.autos,11,9,128,48,0.375,0.7728422513623829,0.03125,0.41754650998738646,0.4146224240874904,-0.4272489450446049,-0.3464681546126426,0.42968606154263544,rel,rel,True,0.776154216155278,21.703125,48.9921875,48.2578125,17.96875,False
1,17,rec.autos,11,10,128,16,0.125,0.5707287966264619,0.0,0.662550472144498,0.675666158492306,-1.0982679176166228,-1.0441117108448124,0.6220823201136907,abs,rel,False,1.666194030958503,23.3671875,16.2578125,16.296875,17.5703125,False
1,17,rec.autos,11,10,128,32,0.25,0.5707287966264619,0.0,0.6665800115786058,0.675666158492306,0.782708429549475,0.06931138909518009,0.5264331300939608,rel,rel,True,0.45712174099878067,23.3671875,38.8125,28.421875,17.5703125,False
1,17,rec.autos,11,10,128,48,0.375,0.5707287966264619,0.0,0.6739965410600044,0.675666158492306,0.5740364860689151,-0.824458216463222,0.07165193951943255,rel,rel,True,0.8961101559826545,23.3671875,38.8125,28.421875,17.5703125,False
1,17,rec.autos,11,11,128,16,0.125,0.4573768460688341,0.0,0.7312029986116464,0.6311388525203858,-1.6168598221687573,-1.6168598221687573,1.9433429119248806,abs,rel,False,3.5602027340936377,12.421875,16.28125,13.21875,21.78125,False
1,17,rec.autos,11,11,128,32,0.25,0.4573768460688341,0.0,0.6395475336989427,0.6311388525203858,0.29695356075610635,-0.8511189054856075,0.3393815130484596,rel,rel,True,1.190500418534067,27.2421875,35.453125,25.78125,21.78125,False
1,17,rec.autos,11,11,128,48,0.375,0.4573768460688341,0.0,0.6361094904715275,0.6311388525203858,-0.2610276239502799,-2.320281484597866,-0.18492622170743117,rel,rel,True,2.135355262890435,27.2421875,35.453125,25.78125,21.78125,False
2,37,sci.crypt,0,0,128,16,0.125,0.9651232473404786,0.953125,0.1881256261281611,0.11743700625916342,-0.3179357314416427,0.08352455074858971,0.25727256624568823,abs,rel,False,0.1737480154970985,21.53125,16.2109375,15.1171875,15.484375,False
2,37,sci.crypt,0,0,128,32,0.25,0.9651232473404786,0.953125,0.18335879703740215,0.11743700625916342,-0.09689708539458453,0.009744460042682512,0.22648628720466582,abs,rel,False,0.2167418271619833,42.3203125,32.6875,31.9921875,31.640625,False
2,37,sci.crypt,0,0,128,48,0.375,0.9651232473404786,0.953125,0.16885108692246228,0.11743700625916342,0.2057666198056539,0.4086678060855001,0.8293000581991428,abs,rel,False,0.4206322521136427,42.3203125,46.375,47.359375,47.6484375,False
2,37,sci.crypt,0,1,128,16,0.125,0.8603130750693242,0.203125,0.2802085775888521,0.3197715115317418,0.656889424202157,0.5250406296024389,0.7077151804144287,abs,rel,False,0.1826745508119898,16.9375,16.6328125,15.96875,16.8828125,True
2,37,sci.crypt,0,1,128,32,0.25,0.8603130750693242,0.203125,0.2762029166761339,0.3197715115317418,0.715316782396302,0.8500506148340177,0.9083164269296097,rel,rel,True,0.05826581209559201,29.9453125,30.546875,35.7890625,32.9375,False
2,37,sci.crypt,0,1,128,48,0.375,0.8603130750693242,0.203125,0.2816902751897252,0.3197715115317418,0.6358999169516107,0.590283200866299,0.7303886533481887,rel,rel,True,0.14010545248188966,62.1640625,50.25,50.8984375,49.6953125,False
2,37,sci.crypt,0,2,128,16,0.125,0.4718538873167615,0.0,0.46929396514000593,0.49380561453940647,0.7882805935970914,0.3957851485316284,0.8978425745100743,abs,rel,False,0.5020574259784459,14.3203125,17.984375,19.515625,16.5390625,False
2,37,sci.crypt,0,2,128,32,0.25,0.4718538873167615,0.0,0.482341301900748,0.49380561453940647,1.2559016297516519,1.21016140528382,1.299178063606385,rel,rel,True,0.08901665832256489,14.3203125,33.375,39.6484375,25.265625,False
2,37,sci.crypt,0,2,128,48,0.375,0.4718538873167615,0.0,0.48750895472894656,0.49380561453940647,1.5354107145454146,1.2122812684578181,1.6376680838367912,rel,rel,True,0.42538681537897305,14.3203125,55.34375,39.6484375,46.84375,False
2,37,sci.crypt,0,3,128,16,0.125,0.3905897426210766,0.0,0.24134488815561692,0.25283351014004474,1.0981760778398253,0.9396864313980333,1.1156905140328497,abs,rel,False,0.17600408263481637,6.7421875,18.203125,11.9921875,13.4140625,False
2,37,sci.crypt,0,3,128,32,0.25,0.3905897426210766,0.0,0.2470830043767856,0.25283351014004474,1.2379838931931606,1.2018581092312377,1.2881179916295524,abs,rel,False,0.08625988239831472,6.7421875,36.328125,27.9375,29.8671875,False
2,37,sci.crypt,0,3,128,48,0.375,0.3905897426210766,0.0,0.24970738971910428,0.25283351014004474,1.3236472370484693,1.2745178190504354,1.3918273236213219,abs,rel,False,0.11730950457088651,6.7421875,36.328125,27.9375,29.8671875,False
2,37,sci.crypt,0,4,128,16,0.125,0.9559487742990113,0.9375,0.20745529205039404,0.11974758889860693,-0.22033187235372328,0.7038521590334024,0.28407151763045757,abs,abs,True,-0.4197806414029448,14.796875,15.4296875,17.6796875,16.1640625,True
2,37,sci.crypt,0,4,128,32,0.25,0.9559487742990113,0.9375,0.16986387426527108,0.11974758889860693,-0.700532197313776,0.4188486058011037,0.0,abs,abs,True,-0.4188486058011037,27.703125,31.4609375,28.6953125,31.4609375,False
2,37,sci.crypt,0,4,128,48,0.375,0.9559487742990113,0.9375,0.1498654304359294,0.11974758889860693,-0.06559966832682157,0.5030291352299756,0.3558596788515231,abs,abs,True,-0.14716945637845252,53.34375,48.5234375,45.796875,46.453125,False
2,37,sci.crypt,0,5,128,16,0.125,0.8465406770350471,0.1171875,0.3617955141095851,0.4103077867824519,0.40954859405883653,0.18987498702527192,0.39207979236961443,abs,rel,False,0.20220480534434251,16.734375,16.2421875,16.2109375,16.2890625,True
2,37,sci.crypt,0,5,128,32,0.25,0.8465406770350471,0.1171875,0.38128122447087837,0.4103077867824519,0.6695862433269885,0.8562158014906217,0.9060561495100203,rel,rel,True,0.04984034801939863,29.75,31.875,36.8984375,33.1953125,False
2,37,sci.crypt,0,5,128,48,0.375,0.8465406770350471,0.1171875,0.3870396300185187,0.4103077867824519,0.5896936306369326,0.6080959263749004,0.7251614786609161,rel,rel,True,0.11706555228601567,65.4140625,50.1875,53.328125,49.890625,False
2,37,sci.crypt,0,6,128,16,0.125,0.9310018742925159,0.90625,0.21437655471530462,0.21725624286526463,-0.05221815501828617,0.7752036512069563,0.2774371225690141,abs,abs,True,-0.49776652863794224,15.828125,15.296875,16.578125,16.78125,True
2,37,sci.crypt,0,6,128,32,0.25,0.9310018742925159,0.90625,0.2121353397989674,0.21725624286526463,0.4672990209556776,0.8292518170536719,0.6599205643038766,abs,abs,True,-0.16933125274979532,32.6640625,32.890625,34.5703125,33.3828125,False
2,37,sci.crypt,0,6,128,48,0.375,0.9310018742925159,0.90625,0.21575691453024115,0.21725624286526463,1.4131167594771175,1.9911152366840643,2.11534450676059,abs,rel,False,0.12422927007652551,32.6640625,46.703125,44.90625,48.03125,False
2,37,sci.crypt,0,7,128,16,0.125,0.9017205367463478,0.5234375,0.25684929952633617,0.27972714554798433,0.02857862140414026,0.41636708269455236,-0.09530909178076268,abs,abs,True,-0.511676174475315,15.8671875,15.1328125,16.3359375,16.8671875,True
2,37,sci.crypt,0,7,128,32,0.25,0.9017205367463478,0.5234375,0.25320888006843684,0.27972714554798433,0.5422294102231436,0.8858677619151512,0.5615616418889724,rel,abs,False,-0.32430612002617876,25.9609375,32.3671875,35.6953125,31.15625,False
2,37,sci.crypt,0,7,128,48,0.375,0.9017205367463478,0.5234375,0.25710896776679765,0.27972714554798433,0.6771169073133535,0.6764247802878334,0.4916485056171452,rel,abs,False,-0.1847762746706882,43.203125,47.390625,47.9609375,46.21875,False
2,37,sci.crypt,0,8,128,16,0.125,0.7864639338003292,0.0,0.15375577550461625,0.13937070937862275,0.35951769895391034,0.7955789164405286,0.5969750770703447,abs,abs,True,-0.1986038393701839,14.6171875,15.3828125,16.859375,16.6796875,True
2,37,sci.crypt,0,8,128,32,0.25,0.7864639338003292,0.0,0.14625158003420954,0.13937070937862275,0.4972597987093921,0.7546403285162601,0.5698610533858333,abs,abs,True,-0.1847792751304268,39.4375,31.859375,36.3046875,31.640625,False
2,37,sci.crypt,0,8,128,48,0.375,0.7864639338003292,0.0,0.14316331970152918,0.13937070937862275,1.0230576573688985,1.701652758854806,1.2799733730699252,abs,abs,True,-0.42167938578488084,39.4375,49.203125,67.046875,50.0,False
2,37,sci.crypt,0,9,128,16,0.125,0.8974756120164578,0.609375,0.4731739798129362,0.46448144270792113,0.17029808035202623,0.3900602620958558,0.13874258334839198,abs,abs,True,-0.2513176787474638,16.1171875,15.1875,14.7421875,15.703125,True
2,37,sci.crypt,0,9,128,32,0.25,0.8974756120164578,0.609375,0.461217031462269,0.46448144270792113,0.33025277148102455,0.5118363293503383,0.6765485079001303,rel,rel,True,0.16471217854979203,27.25,30.4375,32.0078125,33.53125,False
2,37,sci.crypt,0,9,128,48,0.375,0.8974756120164578,0.609375,0.4547509146035329,0.46448144270792113,0.42053629728676656,0.2622768522536798,0.6571531621779529,rel,rel,True,0.39487630992427314,47.7421875,50.078125,41.7890625,46.2890625,False
2,37,sci.crypt,0,10,128,16,0.125,0.32236354355804286,0.0,0.28527557498665823,0.29638137062715053,1.1705467323436138,1.2389737865086845,1.251683209202812,abs,rel,False,0.012709422694127559,5.390625,14.984375,26.078125,16.921875,False
2,37,sci.crypt,0,10,128,32,0.25,0.32236354355804286,0.0,0.2920503515283432,0.29638137062715053,1.5329825918208202,1.4527436399276932,1.6053335344282085,rel,rel,True,0.1525898945005153,5.390625,31.328125,26.078125,33.8984375,False
2,37,sci.crypt,0,10,128,48,0.375,0.32236354355804286,0.0,0.29448370341033353,0.29638137062715053,2.0293448318463323,1.8743800136488113,2.169075603535706,rel,rel,True,0.2946955898868948,5.390625,31.328125,26.078125,33.8984375,False
2,37,sci.crypt,0,11,128,16,0.125,0.7743760896921346,0.0,0.42149816765980935,0.4945784428003736,0.3109868766006977,-0.34014462086246744,0.49843356933451305,abs,rel,False,0.8385781901969804,18.2734375,15.7890625,15.46875,14.8671875,False
2,37,sci.crypt,0,11,128,32,0.25,0.7743760896921346,0.0,0.44752194287499675,0.4945784428003736,0.2501677485387279,0.137911685399429,0.5891484016916985,rel,rel,True,0.45123671629226947,47.9765625,30.1171875,36.328125,34.5546875,False
2,37,sci.crypt,0,11,128,48,0.375,0.7743760896921346,0.0,0.46584003957080067,0.4945784428003736,0.4127676641188488,-1.3893886785431717,0.7976314253644259,rel,rel,True,2.1870201039075976,47.9765625,45.59375,36.328125,49.609375,False
2,37,sci.crypt,5,0,128,16,0.125,0.37707475575759514,0.0,0.5334903919913493,0.5345227339337618,0.42206070910373905,-0.3411174357103649,1.199436143271546,abs,rel,False,1.540553578981911,7.9765625,13.4921875,13.3203125,11.515625,False
2,37,sci.crypt,5,0,128,32,0.25,0.37707475575759514,0.0,0.5337694174255959,0.5345227339337618,1.562595327215787,-1.7144510036602458,1.4036631132029296,rel,rel,True,3.1181141168631754,7.9765625,25.8984375,13.3203125,11.515625,False
2,37,sci.crypt,5,0,128,48,0.375,0.37707475575759514,0.0,0.5341461777253155,0.5345227339337618,2.7002497481695937,-7.203489101539992,2.2199321134876575,rel,rel,True,9.423421215027648,7.9765625,25.8984375,13.3203125,11.515625,False
2,37,sci.crypt,5,1,128,16,0.125,0.15202784007085102,0.0,1.322922773693102,1.318957764210157,1.0190607643105805,-4.072363418947112,1.4181434525531242,abs,rel,False,5.490506871500236,4.625,10.7734375,3.9609375,8.484375,False
2,37,sci.crypt,5,1,128,32,0.25,0.15202784007085102,0.0,1.3197052896980659,1.318957764210157,nan,nan,nan,rel,abs,False,nan,4.625,10.7734375,3.9609375,8.484375,False
2,37,sci.crypt,5,1,128,48,0.375,0.15202784007085102,0.0,1.3192361052579007,1.318957764210157,nan,nan,nan,rel,abs,False,nan,4.625,10.7734375,3.9609375,8.484375,False
2,37,sci.crypt,5,2,128,16,0.125,0.6299717069372558,0.0078125,0.5196315949931278,0.43559966994041954,-1.555925447053084,-1.5779344973629952,-0.3619280564796483,abs,rel,False,1.2160064408833469,14.4765625,15.6875,14.796875,15.3203125,True
2,37,sci.crypt,5,2,128,32,0.25,0.6299717069372558,0.0078125,0.4748545465158213,0.43559966994041954,-1.3256265227235722,-1.7472801466422465,0.3442691823510666,rel,rel,True,2.091549328993313,44.8828125,34.5234375,27.015625,28.5703125,False
2,37,sci.crypt,5,2,128,48,0.375,0.6299717069372558,0.0078125,0.4561334174943459,0.43559966994041954,-0.9526896920139206,-0.3345038970860842,1.3210036590385714,rel,rel,True,1.6555075561246557,44.8828125,50.4453125,58.9375,62.34375,False
2,37,sci.crypt,5,3,128,16,0.125,0.39644202853593535,0.0,0.6741136844551957,0.6663316642751576,0.2899205391668495,-0.6984398015335364,1.046063628638849,abs,rel,False,1.7445034301723852,11.3515625,17.625,17.5625,16.7421875,False
2,37,sci.crypt,5,3,128,32,0.25,0.39644202853593535,0.0,0.6668719526212274,0.6663316642751576,0.954075818780854,-5.760840999812538,1.1833617351762935,rel,rel,True,6.944202734988831,11.3515625,31.484375,17.5625,16.7421875,False
2,37,sci.crypt,5,3,128,48,0.375,0.39644202853593535,0.0,0.6661084391388739,0.6663316642751576,nan,nan,nan,rel,abs,False,nan,11.3515625,31.484375,17.5625,16.7421875,False
2,37,sci.crypt,5,4,128,16,0.125,0.6790564514440245,0.0,0.2979761888767822,0.2534099770728272,-0.018835076250255153,-0.018835076250255153,0.8838760685261939,abs,rel,False,0.9027111447764491,11.6875,15.375,17.6015625,16.6484375,False
2,37,sci.crypt,5,4,128,32,0.25,0.6790564514440245,0.0,0.2609413051615058,0.2534099770728272,-0.21710723860308015,-1.1531074212385266,0.9305560235953046,rel,rel,True,2.083663444833831,34.03125,31.109375,28.671875,36.4921875,False
2,37,sci.crypt,5,4,128,48,0.375,0.6790564514440245,0.0,0.2516735785002587,0.2534099770728272,0.13749216933996716,0.3204651528074117,1.4356516248162738,rel,rel,True,1.1151864720088622,34.03125,44.140625,55.1953125,63.4453125,False
2,37,sci.crypt,5,5,128,16,0.125,0.37314003776074356,0.0,0.8044351898261625,0.7879107175666746,-2.586418555274637,-1.4962787555345638,1.0185441516043396,abs,rel,False,2.514822907138903,14.6328125,15.234375,20.515625,17.65625,False
2,37,sci.crypt,5,5,128,32,0.25,0.37314003776074356,0.0,0.791673186323138,0.7879107175666746,1.2412406746400408,-3.5153354103972982,1.0335431546694067,rel,rel,True,4.548878565066705,14.6328125,41.2109375,20.515625,17.65625,False
2,37,sci.crypt,5,5,128,48,0.375,0.37314003776074356,0.0,0.7892699051698183,0.7879107175666746,1.968082986027438,-17.1197444980421,1.1346064770445214,rel,rel,True,18.25435097508662,14.6328125,41.2109375,20.515625,17.65625,False
2,37,sci.crypt,5,6,128,16,0.125,0.1791707949340372,0.0,1.0641696886155316,1.0662535834341984,1.0493839550058526,0.6782096969126513,1.0788397954780398,abs,rel,False,0.40063009856538845,5.0390625,11.078125,6.0390625,8.8671875,False
2,37,sci.crypt,5,6,128,32,0.25,0.1791707949340372,0.0,1.0659771089373378,1.0662535834341984,1.0817892135754053,0.46705411053880824,1.1305736826835857,rel,rel,True,0.6635195721447775,5.0390625,11.078125,6.0390625,8.8671875,False
2,37,sci.crypt,5,6,128,48,0.375,0.1791707949340372,0.0,1.0664200934813852,1.0662535834341984,1.138213516641963,0.0993882647569524,1.220653153095203,rel,rel,True,1.1212648883382506,5.0390625,11.078125,6.0390625,8.8671875,False
2,37,sci.crypt,5,7,128,16,0.125,0.24768837754055562,0.0,0.909143083867024,0.910743498137256,-0.22234139999421634,-10.03683056972553,0.8748133186821057,abs,rel,False,10.911643888407635,5.8515625,16.4296875,9.6171875,7.6953125,False
2,37,sci.crypt,5,7,128,32,0.25,0.24768837754055562,0.0,0.9099313901951297,0.910743498137256,nan,nan,nan,rel,abs,False,nan,5.8515625,16.4296875,9.6171875,7.6953125,False
2,37,sci.crypt,5,7,128,48,0.375,0.24768837754055562,0.0,0.9104180618401769,0.910743498137256,nan,nan,nan,rel,abs,False,nan,5.8515625,16.4296875,9.6171875,7.6953125,False
2,37,sci.crypt,5,8,128,16,0.125,0.454642608926755,0.0,0.6032774255955107,0.5792919626593163,-0.34868025591339813,-0.34868025591339813,1.0011756714310969,abs,rel,False,1.349855927344495,17.5,14.78125,22.7578125,22.1875,False
2,37,sci.crypt,5,8,128,32,0.25,0.454642608926755,0.0,0.5852553414698606,0.5792919626593163,1.0210184730474399,-2.302828309860937,1.002879141196511,rel,rel,True,3.305707451057448,17.5,40.1640625,22.7578125,22.1875,False
2,37,sci.crypt,5,8,128,48,0.375,0.454642608926755,0.0,0.5803522617455865,0.5792919626593163,1.0701148308726443,-10.017796003762886,1.0096044321391096,rel,rel,True,11.027400435901995,17.5,40.1640625,22.7578125,22.1875,False
2,37,sci.crypt,5,9,128,16,0.125,0.15866934658286014,0.0,0.3434404510286026,0.3442479843310513,1.543063441854345,1.3330030442773146,1.4968554952010604,abs,rel,False,0.16385245092374578,2.40625,7.25,7.7109375,4.2890625,False
2,37,sci.crypt,5,9,128,32,0.25,0.15866934658286014,0.0,0.34405993882146335,0.3442479843310513,2.0468265500716893,1.6419073742358232,1.9577546265119217,rel,rel,True,0.31584725227609844,2.40625,7.25,7.7109375,4.2890625,False
2,37,sci.crypt,5,9,128,48,0.375,0.15866934658286014,0.0,0.34414971171474223,0.3442479843310513,4.423936227904251,3.0995358910742308,4.132601826857085,rel,rel,True,1.0330659357828544,2.40625,7.25,7.7109375,4.2890625,False
2,37,sci.crypt,5,10,128,16,0.125,0.3398205586691462,0.0,0.37131237467859135,0.37452961360379033,1.197778941427168,0.8693089039654518,1.2432238231563137,abs,rel,False,0.37391491919086195,5.6875,19.5390625,13.3828125,12.1796875,False
2,37,sci.crypt,5,10,128,32,0.25,0.3398205586691462,0.0,0.37345249736159697,0.37452961360379033,1.3167618979622377,0.7906857053236206,1.3895462241666259,rel,rel,True,0.5988605188430053,5.6875,19.5390625,13.3828125,12.1796875,False
2,37,sci.crypt,5,10,128,48,0.375,0.3398205586691462,0.0,0.37415846713445816,0.37452961360379033,1.5942159905798243,0.6073457642671738,1.7307526472056838,rel,rel,True,1.12340688293851,5.6875,19.5390625,13.3828125,12.1796875,False
2,37,sci.crypt,5,11,128,16,0.125,0.32697208708523606,0.0,0.792783665509129,0.7968362997579405,0.6278553517279883,0.6741466215654955,1.082503863798148,abs,rel,False,0.40835724223265235,9.6328125,13.71875,15.8203125,14.3046875,False
2,37,sci.crypt,5,11,128,32,0.25,0.32697208708523606,0.0,0.7954719791773855,0.7968362997579405,1.1403963187956443,0.49913418828265443,1.1268158240666593,rel,rel,True,0.6276816357840048,9.6328125,25.9296875,15.8203125,14.3046875,False
2,37,sci.crypt,5,11,128,48,0.375,0.32697208708523606,0.0,0.7966965309433517,0.7968362997579405,1.261889154998124,0.06570681251954114,1.2365566938656696,rel,rel,True,1.1708498813461286,9.6328125,25.9296875,15.8203125,14.3046875,False
2,37,sci.crypt,11,0,128,16,0.125,0.5881931632769578,0.0,0.9451133206247511,0.7514094737899076,-1.482738931448171,-1.4709282663280012,-7.247888245981887,abs,abs,True,-5.776959979653886,18.0625,17.5390625,20.40625,12.5078125,False
2,37,sci.crypt,11,0,128,32,0.25,0.5881931632769578,0.0,0.8363545066212751,0.7514094737899076,-1.9593874354992473,-1.5223014713541165,0.06035238238407644,rel,rel,True,1.582653853738193,45.34375,27.921875,43.8828125,27.015625,False
2,37,sci.crypt,11,0,128,48,0.375,0.5881931632769578,0.0,0.7984755409330164,0.7514094737899076,-3.510603799980075,-3.510603799980075,-0.6803614329199136,rel,rel,True,2.8302423670601615,45.34375,38.796875,43.8828125,27.015625,False
2,37,sci.crypt,11,1,128,16,0.125,0.5669727114440041,0.0,1.1614356877315104,0.9785266145300298,0.18198899193950033,0.18198899193950033,0.758336077502965,abs,rel,False,0.5763470855634646,11.1328125,16.421875,14.8984375,14.6484375,False
2,37,sci.crypt,11,1,128,32,0.25,0.5669727114440041,0.0,1.050481468731098,0.9785266145300298,0.35811859146468666,0.5432060314079434,1.009409935319714,rel,rel,True,0.46620390391177047,29.9765625,29.5625,32.2890625,33.1640625,False
2,37,sci.crypt,11,1,128,48,0.375,0.5669727114440041,0.0,1.0136127513622781,0.9785266145300298,1.0687417620870048,0.1669726701152257,1.017160325732694,rel,rel,True,0.8501876556174683,29.9765625,52.6015625,32.2890625,33.1640625,False
2,37,sci.crypt,11,2,128,16,0.125,0.7186412787987071,0.046875,0.7272880745862401,0.5354520666475201,-0.6076825656012543,-0.6076825656012543,-0.39077155163323946,abs,rel,False,0.21691101396801488,18.1328125,16.8046875,15.8671875,17.4453125,False
2,37,sci.crypt,11,2,128,32,0.25,0.7186412787987071,0.046875,0.6290736230352246,0.5354520666475201,-0.7898336418547527,-0.6490399339791254,0.8679128614897388,rel,rel,True,1.5169527954688642,46.640625,33.0703125,33.6328125,41.875,False
2,37,sci.crypt,11,2,128,48,0.375,0.7186412787987071,0.046875,0.5888612949331783,0.5354520666475201,-1.0954579759455494,0.3095793979485756,0.7984744405007068,rel,rel,True,0.48889504255213123,46.640625,48.828125,64.703125,41.875,False
2,37,sci.crypt,11,3,128,16,0.125,0.5078438867555959,0.0,1.3854612020261885,1.2329529832913735,-0.018494303867103407,-0.018494303867103407,0.809920423802968,abs,rel,False,0.8284147276700714,23.6484375,18.8203125,18.0,22.7421875,False
2,37,sci.crypt,11,3,128,32,0.25,0.5078438867555959,0.0,1.2859387396185764,1.2329529832913735,0.7024481283664631,-0.872313925632441,0.6505737576138144,rel,rel,True,1.5228876832462555,23.6484375,37.4921875,18.0,22.7421875,False
2,37,sci.crypt,11,3,128,48,0.375,0.5078438867555959,0.0,1.2565050568279574,1.2329529832913735,0.03638426636735934,-5.063450877099322,-0.13160983682923824,rel,rel,True,4.931841040270084,23.6484375,37.4921875,18.0,22.7421875,False
2,37,sci.crypt,11,4,128,16,0.125,0.6066960982625864,0.0,0.9225840529221242,0.7224929944468531,-1.1288928614339864,-1.0557082749203355,-1.615660351484553,abs,abs,True,-0.5599520765642174,13.25,15.6171875,18.1796875,14.7578125,False
2,37,sci.crypt,11,4,128,32,0.25,0.6066960982625864,0.0,0.8069684423274417,0.7224929944468531,-1.8933798375020663,-0.1773703982396906,0.7929349937472779,rel,rel,True,0.9703053919869685,36.9140625,29.3828125,40.8203125,34.90625,False
2,37,sci.crypt,11,4,128,48,0.375,0.6066960982625864,0.0,0.7656320438797796,0.7224929944468531,-2.10523771016017,-2.10523771016017,0.4538795379671131,rel,rel,True,2.5591172481272833,36.9140625,40.0390625,40.8203125,34.90625,False
2,37,sci.crypt,11,5,128,16,0.125,0.5715093741244127,0.0,0.9971647499192522,0.924580170539396,0.019732865572982452,-0.38587084760249724,0.7437384788757992,abs,rel,False,1.1296093264782965,22.078125,16.6953125,13.4453125,18.5703125,False
2,37,sci.crypt,11,5,128,32,0.25,0.5715093741244127,0.0,0.9457884117223445,0.924580170539396,0.5058921369934654,0.3156336865051617,1.155346498750765,rel,rel,True,0.8397128122456032,22.078125,29.6875,28.5703125,40.078125,False
2,37,sci.crypt,11,5,128,48,0.375,0.5715093741244127,0.0,0.9324010352305888,0.924580170539396,1.490748385887295,-0.732493346036182,1.3932642067686287,rel,rel,True,2.125757552804811,22.078125,52.4296875,28.5703125,40.078125,False
2,37,sci.crypt,11,6,128,16,0.125,0.5980527982975962,0.0,0.674825173228358,0.5948979575364649,-0.5741548998511707,-0.5471431977937176,-4.61167815281585,abs,abs,True,-4.064534955022133,21.640625,17.640625,17.8828125,16.3984375,False
2,37,sci.crypt,11,6,128,32,0.25,0.5980527982975962,0.0,0.6492853962726365,0.5948979575364649,-8.5249862276631,-8.5249862276631,-1.5598905554114117,rel,rel,True,6.965095672251687,21.640625,30.5625,29.328125,26.546875,False
2,37,sci.crypt,11,6,128,48,0.375,0.5980527982975962,0.0,0.6317547888359648,0.5948979575364649,-1.1427893148651727,0.1773036837411095,0.9139481165478955,rel,rel,True,0.736644432806786,57.375,44.21875,61.765625,57.4375,False
2,37,sci.crypt,11,7,128,16,0.125,0.4853955941464986,0.0,1.3357518712117376,1.120793136448502,0.23640011064676777,0.5348353699115994,-0.13549989868846432,abs,abs,True,-0.6703352686000638,28.671875,17.71875,24.9140625,12.265625,False
2,37,sci.crypt,11,7,128,32,0.25,0.4853955941464986,0.0,1.213229223645465,1.120793136448502,0.7824407526632152,0.19622518765397534,0.8771286041224893,rel,rel,True,0.6809034164685139,28.671875,36.9453125,24.9140625,28.6171875,False
2,37,sci.crypt,11,7,128,48,0.375,0.4853955941464986,0.0,1.1684716889270994,1.120793136448502,0.6284704638424113,-0.3726195823052922,0.7901704787260105,rel,rel,True,1.1627900610313027,28.671875,36.9453125,24.9140625,28.6171875,False
2,37,sci.crypt,11,8,128,16,0.125,0.5279575515392174,0.0078125,0.35565180832053656,0.3981849292129853,-0.017576964451525717,-0.009040194500829444,0.9907212635078526,abs,rel,False,0.9997614580086821,20.90625,17.390625,18.03125,23.34375,False
2,37,sci.crypt,11,8,128,32,0.25,0.5279575515392174,0.0078125,0.377548518781325,0.3981849292129853,-0.6636933524470705,-1.0506799700613016,0.9813009534053482,rel,rel,True,2.0319809234666497,20.90625,31.6875,27.2734375,23.34375,False
2,37,sci.crypt,11,8,128,48,0.375,0.5279575515392174,0.0078125,0.3866993839540484,0.3981849292129853,-0.04449101285385,-1.318617482882615,0.9624559480426125,rel,rel,True,2.281073430925227,20.90625,42.5390625,50.9140625,23.34375,False
2,37,sci.crypt,11,9,128,16,0.125,0.7421303786413924,0.0625,0.6673546585584527,0.47363022266751664,-1.0922803665284753,-1.0593717690747815,-0.906086956150381,abs,rel,False,0.15328481292440044,16.171875,15.640625,17.8046875,15.0078125,True
2,37,sci.crypt,11,9,128,32,0.25,0.7421303786413924,0.0625,0.5519123942562082,0.47363022266751664,-1.0117392171792083,-0.9696401842685908,0.8703902067150008,rel,rel,True,1.8400303909835916,42.1484375,31.5390625,35.7890625,38.3359375,False
2,37,sci.crypt,11,9,128,48,0.375,0.7421303786413924,0.0625,0.5130098060811796,0.47363022266751664,-1.2872961906471503,0.1310169815442985,0.8146684346919619,rel,rel,True,0.6836514531476634,42.1484375,50.546875,65.28125,38.3359375,False
2,37,sci.crypt,11,10,128,16,0.125,0.5211288365315309,0.0,0.9349935168763926,0.8012388370064405,-0.5997573578336592,-1.1303171033291313,1.9822723757207714,abs,rel,False,3.1125894790499027,12.0390625,15.578125,11.921875,27.6796875,False
2,37,sci.crypt,11,10,128,32,0.25,0.5211288365315309,0.0,0.8624881911177501,0.8012388370064405,0.7363132015934895,-0.003676153757188647,0.7634049385575631,rel,rel,True,0.7670810923147517,34.390625,45.2578125,27.0625,27.6796875,False
2,37,sci.crypt,11,10,128,48,0.375,0.5211288365315309,0.0,0.83575186694011,0.8012388370064405,0.5385948473922442,-0.7562553441874047,0.5860005844403563,rel,rel,True,1.342255928627761,34.390625,45.2578125,27.0625,27.6796875,False
2,37,sci.crypt,11,11,128,16,0.125,0.4626028009866174,0.0,1.214839266484984,1.1031171982071601,-0.37659647096423193,0.37500947677864427,0.7208007983912932,abs,rel,False,0.3457913216126489,22.2578125,12.71875,19.6796875,19.1875,False
2,37,sci.crypt,11,11,128,32,0.25,0.4626028009866174,0.0,1.1467641127663288,1.1031171982071601,0.3916549464637236,-0.31036831479698335,0.41462506436263474,rel,rel,True,0.7249933791596181,22.2578125,25.9453125,19.6796875,19.1875,False
2,37,sci.crypt,11,11,128,48,0.375,0.4626028009866174,0.0,1.1229934347862622,1.1031171982071601,-0.9958068527397117,-3.2989452237386474,-0.9204484382274252,rel,rel,True,2.3784967855112225,22.2578125,25.9453125,19.6796875,19.1875,False
