doc_idx,category,layer,head,tokens,budget,fixed_max_rel,oracle_max_rel,mass_max_rel,mass_gap,UTC_abs_max_rel,UTC_abs_gap,UTC_rel_max_rel,UTC_rel_gap,UTC_rel_hat_max_rel,UTC_rel_hat_gap
82,comp.graphics,0,0,128,8,0.9481711072292118,0.7346012273866841,1.1556443973666048,-0.9714538880218974,0.8714903617451784,0.35904288348419156,1.5782271707265543,-2.950116673577304,0.7681014575363344,0.8431415976150234
82,comp.graphics,0,0,128,16,0.712995395882061,0.5249576007302786,0.7820083156060762,-0.36701621431111053,0.659224903234573,0.2859557707751518,1.0138291770867118,-1.5998580549289079,0.5476484303069945,0.8793283575868349
82,comp.graphics,0,0,128,32,0.43352761546017915,0.26472594265582783,0.5307364493309564,-0.5758760103251267,0.35877441220181416,0.442846341605911,0.28480500414586113,0.8810493927195506,0.27004226298269707,0.968505523443295
82,comp.graphics,0,1,128,8,0.2659930936505681,0.22026489456747028,0.2339732936050193,0.7002200105751385,0.2339732936050193,0.7002200105751385,0.2339732936050193,0.7002200105751385,0.23211477253283103,0.7408627891986954
82,comp.graphics,0,1,128,16,0.207912524533033,0.14815983053753104,0.14989971263273502,0.9708819472585628,0.15028526607449447,0.9644294609189767,0.14989971263273502,0.9708819472585628,0.14989971263273502,0.9708819472585628
82,comp.graphics,0,1,128,32,0.13431383223511567,0.04346333155836321,0.04555627661664353,0.9769627570273163,0.04629469069769876,0.9688349638335009,0.04639422898183623,0.9677393365843827,0.04639422898183623,0.9677393365843827
82,comp.graphics,0,2,128,8,0.9219906182914105,0.4028582291973909,1.5057162330949385,-1.1244253432582685,0.54594543536752,0.7243724160231221,0.6002571274145738,0.6197522975561592,0.42776708840531225,0.952018291034794
82,comp.graphics,0,2,128,16,0.7551264072625152,0.1934718906037117,1.019123320610978,-0.47003434588034626,0.3036563548112751,0.8038216360067149,0.2320988142338173,0.9312265414335289,0.21970659571400997,0.9532903157863584
82,comp.graphics,0,2,128,32,0.44072021121748534,0.09326498325932281,0.5616807507322653,-0.3481327370597082,0.18273854190585573,0.7424889555631997,0.12390290638937816,0.9118219538381949,0.13719677382935283,0.8735612906785218
82,comp.graphics,0,3,128,8,0.010834014268899394,0.0009322831206930806,0.002297923816591644,0.8620806124244298,0.0020021271318155886,0.8919538416960241,0.002025032519973822,0.8896405706310566,0.002025032519973822,0.8896405706310566
82,comp.graphics,0,3,128,16,0.00032807007902908343,2.5713899984733754e-05,5.1728497147642135e-05,0.9139604249361394,3.632703749270449e-05,0.9648985592372696,3.802997403849569e-05,0.9592663391477921,3.802997403849569e-05,0.9592663391477921
82,comp.graphics,0,3,128,32,1.1056532106659918e-05,3.186110429099941e-07,4.629040383120092e-07,0.9865622968780118,4.066129720761254e-07,0.9918045654607002,4.066129720761254e-07,0.9918045654607002,4.066129720761254e-07,0.9918045654607002
82,comp.graphics,0,4,128,8,0.13403628444771437,0.011236423762818698,0.07293876755582836,0.4975373469572753,0.03851764047982984,0.7778400027096553,0.0385196925935329,0.7778232916670561,0.0385196925935329,0.7778232916670561
82,comp.graphics,0,4,128,16,0.03239688529326818,0.0028167686586991563,0.013761240281606246,0.6300057988913826,0.006361768323905174,0.8801559943457719,0.006177626400803991,0.8863811869430851,0.006177626400803991,0.8863811869430851
82,comp.graphics,0,4,128,32,0.002120515864072724,0.00044532411731968005,0.0014130198322622179,0.4223373432813389,0.0006680179967999532,0.8670636481394373,0.000639682746615214,0.8839782791001379,0.000639682746615214,0.8839782791001379
82,comp.graphics,0,5,128,8,0.46089682818626904,0.15743614812964582,0.6031947916448875,-0.4689173023406753,0.28786545002536723,0.570193733595455,0.2358151495822278,0.7417161213836432,0.24840968539312608,0.7002130976358936
82,comp.graphics,0,5,128,16,0.38018621243193296,0.10506953247038874,0.6031947916448875,-0.8105963594941852,0.22389853842530455,0.568077784409416,0.17923341659400868,0.7304275257538491,0.19334098985884912,0.6791490163344551
82,comp.graphics,0,5,128,32,0.24840968539312608,0.03637905227836686,0.21229945913760645,0.17030664732286757,0.12772461222075304,0.5691869679370979,0.10258363471723046,0.6877593512488777,0.10600691118658849,0.6716141536466745
82,comp.graphics,0,6,128,8,1.2649838075415916,0.97434373558422,1.6748797028568245,-1.4103213385363902,1.1813052975138307,0.2879111247950491,2.610856968384684,-4.630721262140663,1.0073147566944325,0.8865572084118932
82,comp.graphics,0,6,128,16,1.0300006133054107,0.5540752982878632,1.195820718188756,-0.3484162318140848,0.793860566907182,0.49617038419047355,0.793860566907182,0.49617038419047355,0.5754166617373216,0.9551581670988197
82,comp.graphics,0,6,128,32,0.6614857720603489,0.27925944347763804,0.8858083149280505,-0.5868840686602779,0.496270325152197,0.4322450719728495,0.3991403597165574,0.6863614375193987,0.2915729286291939,0.9677848326220383
82,comp.graphics,0,7,128,8,0.18009905071698873,0.03152370378073126,0.10730954333125074,0.4899164557695195,0.14003055865805725,0.26968466091566234,0.1427198069573279,0.2515844285774912,0.1427198069573279,0.2515844285774912
82,comp.graphics,0,7,128,16,0.05456238794146233,0.00929946903040083,0.022344959617481078,0.7117841513333745,0.015811877501701654,0.8561204485265907,0.01986968397313601,0.7664707624467411,0.01986968397313601,0.7664707624467411
82,comp.graphics,0,7,128,32,0.004607433617151155,0.00046177601338323035,0.0014287596518635646,0.766747828474436,0.0008262364168190108,0.912086226536285,0.0010832205391098622,0.8500974790677815,0.0010832205391098622,0.8500974790677815
82,comp.graphics,0,8,128,8,1.2814928114547892,0.4893549318359594,1.7174353637854813,-0.5503367072162538,0.6170414344836137,0.8388077304053481,0.6857338426008867,0.7520899886022074,0.5068199756867185,0.9779520152992012
82,comp.graphics,0,8,128,16,0.8328320843938767,0.24461801136009295,1.1340523722308087,-0.5120929635079159,0.36162414068291066,0.8010824040313338,0.29721551563702114,0.9105810168640639,0.2726972841367498,0.9522635141457351
82,comp.graphics,0,8,128,32,0.5330955450396737,0.11271650761525111,0.45172999785140555,0.1935528176827713,0.20443954448879512,0.7818087280576298,0.14686705516891715,0.9187624869144294,0.15787365995059371,0.8925799140413581
82,comp.graphics,0,9,128,8,0.7533650072996414,0.446574849016746,0.7751161188151399,-0.07089898723361741,0.5256444887290099,0.7422680044405051,0.5561349433343269,0.6428826304898801,0.49708615924620286,0.8353555064733215
82,comp.graphics,0,9,128,16,0.4738397935451457,0.27765439925167823,0.5256444887290099,-0.26405989788603335,0.3454361618428002,0.6545014839905494,0.32665762644592067,0.7502197991307137,0.2975540591373868,0.8985670673529279
82,comp.graphics,0,9,128,32,0.29280783372549213,0.17732643687083008,0.25212352708305785,0.35230182306884544,0.21231472442445748,0.6970223039676117,0.20270545089963535,0.7802328797533877,0.1917910778072923,0.874744839165164
82,comp.graphics,0,10,128,8,1.0005285705901654,0.39311208100734996,1.4566714337764366,-0.7509556803430844,0.5537063955243117,0.7356108744639765,0.46215360654865795,0.8863357733526019,0.40574425348864324,0.9792034416287095
82,comp.graphics,0,10,128,16,0.8402543555549236,0.1580713353179084,0.9778924771151711,-0.20176128322928222,0.4031447269337343,0.640751258319683,0.2246055137153683,0.902468726978365,0.24786141665497807,0.8683783109906879
82,comp.graphics,0,10,128,32,0.520538175835295,0.07445654190366191,0.520538175835295,0.0,0.22631051843836367,0.6595825405401581,0.12779958153655102,0.8804186597804102,0.13670295909871027,0.8604595830444158
82,comp.graphics,0,11,128,8,1.3062408499174127,0.8508919134682036,1.5130164589591617,-0.4541036389679001,0.9645849719545752,0.7503166266886555,2.4452724447782668,-2.501447799006564,0.8746731118135819,0.9477736820232348
82,comp.graphics,0,11,128,16,0.8830036525242404,0.7242760973762973,1.2086762655971608,-2.0517711166745745,0.7930491838720862,0.5667224482120417,1.7247067300889867,-5.3028163684637555,0.74832577963596,0.8484845165211101
82,comp.graphics,0,11,128,32,0.6746465193706165,0.4305694762224664,0.6676627226766947,0.02861308299970991,0.5250926344376082,0.6127322873304062,0.8253184163800732,-0.6173128577192807,0.44691351103558435,0.9330373942493336
82,comp.graphics,5,0,128,8,0.5868584399272448,0.15773307715112855,0.5868584399272448,0.0,0.44042112373973613,0.34124600615580053,0.2027929984633688,0.8949959027806311,0.21896248197722742,0.8573158099302475
82,comp.graphics,5,0,128,16,0.36245343001943764,0.04452555945325128,0.21528511771406225,0.46289843052541635,0.15985591755529827,0.6372436367511307,0.0770599542736503,0.8976673710220506,0.0770599542736503,0.8976673710220506
82,comp.graphics,5,0,128,32,0.16344508254301165,0.003151595260834773,0.008860437328157061,0.9643850653940009,0.007213416867060472,0.9746600958336169,0.0041243802931272885,0.9939312254740579,0.0041243802931272885,0.9939312254740579
82,comp.graphics,5,1,128,8,0.17011515798260904,0.0797719120305955,0.5662645361719262,-4.3849362950688615,0.2770780214972867,-1.18396081951153,0.15124422381478178,0.20888040903301935,0.15124422381478178,0.20888040903301935
82,comp.graphics,5,1,128,16,0.11908251686464576,0.01644190430241043,0.15124422381478178,-0.31334289758486217,0.0808258395054785,0.37272456198535076,0.028554735475987053,0.8819879298145058,0.028554735475987053,0.8819879298145058
82,comp.graphics,5,1,128,32,0.0420765243188446,0.0002603053858307416,0.0006626321914024587,0.9903786899954726,0.000468434743716781,0.9950227599912981,0.0002962154023235973,0.9991412419054343,0.0002962154023235973,0.9991412419054343
82,comp.graphics,5,2,128,8,0.2163057162246648,0.07471645470629838,0.28533459054766175,-0.4875290229128202,0.17825082112066587,0.2687696418210543,0.09621992261026657,0.8481278334714751,0.09621992261026657,0.8481278334714751
82,comp.graphics,5,2,128,16,0.08400244020292585,0.015122351847293582,0.05431252490561287,0.43103770634006827,0.03812885488639771,0.6659919638848298,0.02580272887376598,0.8449424604200718,0.022518981403990654,0.8926158526611085
82,comp.graphics,5,2,128,32,0.01103861176124097,0.0008844661393250812,0.0033625359939139935,0.7559548634756187,0.0028844749669316777,0.8030352427396806,0.0012550981435418345,0.9634994397345641,0.0012550981435418345,0.9634994397345641
82,comp.graphics,5,3,128,8,0.4401947775818264,0.2731677135187242,0.6928296850415161,-1.5125387545831805,0.5602028862807505,-0.7184949898513784,0.41560638601700617,0.14721202041563056,0.41560638601700617,0.14721202041563056
82,comp.graphics,5,3,128,16,0.2240276998838434,0.09211839496763657,0.1795197629476883,0.33741317160626416,0.14015838934512065,0.6358104198335313,0.13361529699780314,0.6854133826531285,0.13361529699780314,0.6854133826531285
82,comp.graphics,5,3,128,32,0.06499400801143992,0.006592630708062003,0.0157653523690254,0.8429365524495455,0.013393275042499068,0.8835533569848921,0.011361317082838843,0.9183463371076863,0.011361317082838843,0.9183463371076863
82,comp.graphics,5,4,128,8,0.2738774217261885,0.10983499222477225,0.22180262430920591,0.31744712374265954,0.19359462617543377,0.4894026246426789,0.12771370027863868,0.8910116845488925,0.12294383719509279,0.9200886928451194
82,comp.graphics,5,4,128,16,0.08717863485097123,0.009409923094709957,0.02036057818290402,0.8591894498327934,0.01559325905367006,0.9204906983885809,0.01432497500314025,0.936799108569076,0.01432497500314025,0.936799108569076
82,comp.graphics,5,4,128,32,0.009553196394713718,0.0003263826541775629,0.0007039611494091381,0.9590781275259996,0.0005191797052588183,0.9791046989239373,0.0003840201002715464,0.9937532665430575,0.0003840201002715464,0.9937532665430575
82,comp.graphics,5,5,128,8,0.4485431689306201,0.27672092267900905,0.7441107625825307,-1.720193980115304,0.5928426295271066,-0.8398182641913495,0.3679663081564865,0.46895476302957523,0.3692399611366116,0.46154214325588183
82,comp.graphics,5,5,128,16,0.37559592266554226,0.1716754188936531,0.5928426295271066,-1.0653499910170008,0.4042808216996814,-0.14066706634967321,0.277558397095759,0.480763453190811,0.277558397095759,0.480763453190811
82,comp.graphics,5,5,128,32,0.2232998563349348,0.05080865498763052,0.10947279102096862,0.659900704643942,0.10947279102096862,0.659900704643942,0.06063690223617481,0.9430217473599971,0.06063690223617481,0.9430217473599971
82,comp.graphics,5,6,128,8,0.05111024946439027,0.008911515916748665,0.13127143808819056,-1.8996112414914004,0.04314102021445423,0.18884996254541453,0.01615919750458637,0.8282488364335577,0.01615919750458637,0.8282488364335577
82,comp.graphics,5,6,128,16,0.014935406189182251,0.0009307572487377762,0.01615919750458637,-0.0873846478129053,0.0035610112259167677,0.8121870824206813,0.002169942412550764,0.9115161565932364,0.002169942412550764,0.9115161565932364
82,comp.graphics,5,6,128,32,0.0007792351285000936,8.922912543916299e-05,0.00044119871319605046,0.48990358606226936,0.00038777278015098314,0.567331800901075,0.00012838702807986855,0.9432499101935381,0.00012838702807986855,0.9432499101935381
82,comp.graphics,5,7,128,8,0.11879669806164365,0.01852538152912201,0.022653855500659306,0.9588269695232507,0.022653855500659306,0.9588269695232507,0.022137502784742497,0.9639765250868234,0.022137502784742497,0.9639765250868234
82,comp.graphics,5,7,128,16,0.02077439042190259,0.004452640833076852,0.006070561950717973,0.9008733035122174,0.005568806393630196,0.9316148336623483,0.005363628736357525,0.9441856463779864,0.005363628736357525,0.9441856463779864
82,comp.graphics,5,7,128,32,0.0046534586593621596,0.000522466691235756,0.0006600885921391473,0.9666855075087911,0.0006373909891461668,0.9721799754642142,0.0005892224813793569,0.9838402517703568,0.0005892224813793569,0.9838402517703568
82,comp.graphics,5,8,128,8,0.1410082266047166,0.062484123601089174,0.1681672663039261,-0.3458688308474518,0.1131702818389788,0.3545146483806612,0.07638667742215423,0.8229517652634272,0.07926104999341888,0.7863467935245986
82,comp.graphics,5,8,128,16,0.07302081174523292,0.01702400545877727,0.04346163262623671,0.5278725891577482,0.03014308659056425,0.765717332794385,0.02251595386727999,0.9019238993665414,0.02251595386727999,0.9019238993665414
82,comp.graphics,5,8,128,32,0.013903538082026727,0.0025053831063189644,0.00685368183683079,0.6185085446040077,0.004779003833305037,0.8005273018456309,0.0031624229586226537,0.9423555958219553,0.0031624229586226537,0.9423555958219553
82,comp.graphics,5,9,128,8,0.7259076630390587,0.5722227646465304,0.6563668784390914,0.452489381372739,0.6097252100173326,0.7559783312279861,0.6563668784390914,0.452489381372739,0.6007233585595868,0.8145517600547668
82,comp.graphics,5,9,128,16,0.6265582910653736,0.36860848971222465,0.455592626131028,0.6627865733468165,0.388175618606414,0.9241436558914006,0.40514143091018123,0.8583718963677713,0.3984976593665226,0.8841279601786635
82,comp.graphics,5,9,128,32,0.4100292053925777,0.1750997530421118,0.24457526717551406,0.7042707355833817,0.20551173048788562,0.8705484683103698,0.19198498527046812,0.9281263713024493,0.19143373627524848,0.9304728161168581
82,comp.graphics,5,10,128,8,0.6376466490453223,0.4968221939961521,0.6069386928774237,0.21805840581578378,0.6069386928774237,0.21805840581578378,1.1462227957492586,-3.6114192419659066,0.6069386928774237,0.21805840581578378
82,comp.graphics,5,10,128,16,0.5846521858758089,0.3568606504883895,0.4469114829102753,0.6046787591613942,0.4791094232356223,0.4633304853083474,0.45997099755388476,0.547347767378059,0.4165005133803534,0.7381822691939338
82,comp.graphics,5,10,128,32,0.42512493100949666,0.18934685072485735,0.2614286788384294,0.6942810458607839,0.2428259575124658,0.7731803282007952,0.22070169218116584,0.8670154519094572,0.2223736993529054,0.8599240074048575
82,comp.graphics,5,11,128,8,0.7728545275879116,0.45946587642648223,0.9675364222877516,-0.6212155225734628,0.9316284720545174,-0.5066359100056238,0.5612163742241557,0.6753216894722175,0.5612163742241557,0.6753216894722175
82,comp.graphics,5,11,128,16,0.5678810480392487,0.3095200645965901,0.9316284720545174,-1.4079038528509082,0.6181910783173339,-0.19472766207847786,0.34461283336458043,0.8641715622057967,0.35017705694651535,0.8426349373339153
82,comp.graphics,5,11,128,32,0.42195404938868575,0.16807596040117473,0.5612163742241557,-0.5485401492931541,0.3690187332678615,0.2085068322829084,0.19419503508347372,0.8971196183709108,0.19280281026431345,0.9026034504917236
82,comp.graphics,11,0,128,8,0.9044993988282142,0.658073287175021,1.2186360851423623,-1.2747702920226538,1.2165769667399364,-1.2664143658238758,1.0834420273084497,-0.7261512478518095,0.6864681226245387,0.8847734306278424
82,comp.graphics,11,0,128,16,0.6845079054738977,0.43184976402911385,1.2165769667399364,-2.1058852812875517,1.1627662675401427,-1.8929069901781255,0.6134394645818585,0.2812830035305654,0.44944132113816443,0.9303740738040098
82,comp.graphics,11,0,128,32,0.4624960583678057,0.24887003366080324,0.9896024520784652,-2.46742593480176,0.741403749381399,-1.3055885461339622,0.29303562161929797,0.7932574553167396,0.25998961666982107,0.9479483690048119
82,comp.graphics,11,1,128,8,0.4792440721106874,0.16317118888531884,0.20785286140332318,0.858634907044066,0.2013069452683586,0.8793450548687282,0.1861981609104832,0.927146638489878,0.18842126391720593,0.9201131246242245
82,comp.graphics,11,1,128,16,0.30354699379829725,0.09421772353807917,0.1165306105595706,0.893407706462865,0.11084576169668192,0.9205651548971991,0.10436806248113116,0.9515101785314873,0.1047650418855242,0.9496137432938374
82,comp.graphics,11,1,128,32,0.1792411122630142,0.05891336555943761,0.06635940982582428,0.9381186428702122,0.06408007791573941,0.9570613387365273,0.06047070346554575,0.9870575328735723,0.06047070346554575,0.9870575328735723
82,comp.graphics,11,2,128,8,0.6534161001960251,0.4486529258184444,0.5244440934123754,0.6298593835326413,0.5244440934123754,0.6298593835326413,0.4939091218345678,0.7789827386995303,0.48279773625342626,0.8332473085613566
82,comp.graphics,11,2,128,16,0.47522588506210633,0.3389308387831231,0.4392880330844107,0.263676875710759,0.41851004866339886,0.41612544217209074,0.37839381188870497,0.7104592266339244,0.3781639496401153,0.7121457314252956
82,comp.graphics,11,2,128,32,0.3418305182692259,0.2005349016891045,0.27208539693636585,0.49361135908495235,0.24774967776453538,0.665844014002672,0.22718724084677136,0.8113717905569017,0.22753905170236668,0.8088818983429006
82,comp.graphics,11,3,128,8,0.6285764793833477,0.40254524713882434,0.6518737251657931,-0.10307091436479965,0.8402529586076354,-0.9364921702293488,0.4841786565286819,0.6388401347051652,0.5278616826736877,0.4455791162555159
82,comp.graphics,11,3,128,16,0.4607128390003826,0.26405940504894637,0.5239332300766144,-0.32148124650517984,0.5644285511969582,-0.5274035144597998,0.31616164514354567,0.7350555286643711,0.31764763952745284,0.7274991165842538
82,comp.graphics,11,3,128,32,0.31276225662327,0.1284851527993677,0.23307457448697189,0.4324339838358256,0.24896272202237812,0.346215201329947,0.1465651125631298,0.9018871070328979,0.14913893260869998,0.8879199890775942
82,comp.graphics,11,4,128,8,0.6771244392775446,0.5651856739371597,0.6888374556878655,-0.10463771308093092,0.6888374556878655,-0.10463771308093092,0.7382239650739171,-0.5458299062936792,0.6171308823289533,0.5359497825991031
82,comp.graphics,11,4,128,16,0.5621377612486335,0.4246591661420272,0.5412215918366832,0.15214127985328246,0.5151638098757051,0.34168192755027016,0.45790687716091916,0.7581608177395879,0.4678262198577002,0.6860089115531072
82,comp.graphics,11,4,128,32,0.41516324762915435,0.2521625227325367,0.35448975663701465,0.37222835070593424,0.3169314085277356,0.6026466395393135,0.2648115516101494,0.9223989409517332,0.27002687764099376,0.8904032180238006
82,comp.graphics,11,5,128,8,0.5930253858976925,0.25535034319944966,0.36281067329451994,0.6817640734228018,0.378123853821269,0.636415206641334,0.3353746262239629,0.7630139249111594,0.30111297916550145,0.8644772927238608
82,comp.graphics,11,5,128,16,0.48321085126304364,0.14935621098563823,0.1934884114754756,0.8678101330172702,0.20012361248774355,0.8479356121576688,0.16462089759023613,0.9542774466399083,0.16566931917064293,0.9511370931629111
82,comp.graphics,11,5,128,32,0.3554585023479909,0.08260410564425205,0.10486890840082537,0.9184004251881339,0.10647801545445004,0.9125031148531576,0.088956451408147,0.9767189173396672,0.08931877667065204,0.9753910103428142
82,comp.graphics,11,6,128,8,0.6192774008159474,0.5024328557183004,0.5710362944623997,0.4128657124150095,0.5705604027232812,0.41693857468445256,0.5423406420664347,0.6584540055782375,0.5462420810568285,0.6250640087484043
82,comp.graphics,11,6,128,16,0.5845753843755153,0.3826973244223664,0.47099076165762516,0.5626397576054101,0.47011896334727454,0.5669581977100601,0.4124543419869481,0.8525990512714083,0.41426070988270525,0.8436512344745936
82,comp.graphics,11,6,128,32,0.4495896583145693,0.20176213169476892,0.2671900301835539,0.7359942239622159,0.251576870853973,0.7989943254543053,0.23179484458754587,0.8788160730068899,0.2259049896032784,0.902582016462006
82,comp.graphics,11,7,128,8,0.5695469462473336,0.4340060500762452,0.5134135434412072,0.4141436598978309,0.503438508708113,0.48773794040563434,0.46136931100669654,0.7981180462617595,0.4633464474494155,0.7835310360045505
82,comp.graphics,11,7,128,16,0.5189991285219033,0.32364478763465654,0.40593164190276876,0.578781541815823,0.4000765627752684,0.6087531262756727,0.34957791572856034,0.8672508223972781,0.34701558945728084,0.8803671230622242
82,comp.graphics,11,7,128,32,0.3611194614242837,0.17290846418569214,0.23636888211090062,0.6628230079204092,0.21682644693093595,0.7666555972307516,0.1904690686193129,0.9066972456909119,0.1904690686193129,0.9066972456909119
82,comp.graphics,11,8,128,8,0.4048212210323402,0.1627069275188269,0.46367566333442195,-0.24308536868269148,0.5889324657451537,-0.7604311254863503,0.36792761048422423,0.15238096856126668,0.4091359588635711,-0.017821078502290526
82,comp.graphics,11,8,128,16,0.4250798740023909,0.08924682552888098,0.25776862627845964,0.49819768627425165,0.34766340852059285,0.2305206882815303,0.33423975134078426,0.27049190981801774,0.25852732087769587,0.4959385441121423
82,comp.graphics,11,8,128,32,0.35202853401223294,0.03594882301728103,0.0933830938242445,0.8182918143459047,0.0847389835327035,0.8456396952469952,0.08758413213236955,0.8366383310319049,0.08758413213236955,0.8366383310319049
82,comp.graphics,11,9,128,8,0.6847655753287027,0.5570202576887506,0.676415381946344,0.06536594480819745,0.6702197774957708,0.11386560463945178,0.6120868246213412,0.5689347527570856,0.582811384202173,0.798105112657716
82,comp.graphics,11,9,128,16,0.5844931103867982,0.3890235951734114,0.5053446009643,0.4049148499503603,0.4778050947950562,0.5458038583421803,0.41107993049898295,0.8871622753988341,0.4132245759634811,0.8761905110183017
82,comp.graphics,11,9,128,32,0.414840078847422,0.16796679497739442,0.307382756331115,0.4352731929181957,0.21894788055023065,0.7934929014041209,0.1864464496929833,0.9251451820711474,0.18960196846304575,0.9123632450360984
82,comp.graphics,11,10,128,8,0.9536228991620249,0.6721972640389073,1.0597806670573073,-0.377214278467705,1.0102584837213138,-0.20124529357289012,1.5143742256860628,-1.992538193184574,0.7458754032576911,0.738196773770978
82,comp.graphics,11,10,128,16,0.8885756582721039,0.4582738437493704,1.0102584837213138,-0.28278482995516424,0.8540546939954016,0.0802250028041157,0.5804615334925485,0.7160418905537227,0.5218956753101963,0.8521460300338458
82,comp.graphics,11,10,128,32,0.5981636881680392,0.21781469720409447,0.7838796700152346,-0.4882778349865542,0.4968152752104136,0.26646163225192565,0.2620283438759044,0.8837550572705445,0.2787916714708854,0.8396815143054468
82,comp.graphics,11,11,128,8,1.0183275588583243,0.15695777085821241,0.7959467169969516,0.25817116522937966,0.7959467169969516,0.25817116522937966,0.2566327225030696,0.8842832044570801,0.29207283158318337,0.8431393083350709
82,comp.graphics,11,11,128,16,0.8036711138210754,0.061144661289162114,0.19847385043197915,0.8150514521408047,0.22135424482971197,0.7842372039484152,0.0898888345777167,0.9612886878433207,0.09837616723960245,0.9498583440044648
82,comp.graphics,11,11,128,32,0.5215810990281975,0.013341992318301814,0.039860878643426516,0.9478220271226359,0.034606924343565694,0.9581595911362996,0.022531102319694175,0.9819197108603499,0.022531102319694175,0.9819197108603499
93,comp.os.ms-windows.misc,0,0,128,8,0.8015961549407523,0.49305961165740897,1.0692014178897593,-0.8673373341816847,0.5421148264544703,0.8410067920155194,0.692159015312886,0.35469749697482383,0.5345109680421601,0.8656517119701945
93,comp.os.ms-windows.misc,0,0,128,16,0.5345109680421601,0.2780632129739703,0.6873692828012562,-0.5960602568677227,0.3298620820208341,0.798013950119819,0.34655862352727507,0.7329069598012595,0.31425026727620703,0.8588911246557236
93,comp.os.ms-windows.misc,0,0,128,32,0.2555387267229296,0.13688020236652185,0.28738849482432405,-0.2684153395143289,0.1616120994436112,0.7915708356291067,0.16109017432412265,0.795969382824257,0.15235328406957285,0.8695999146544634
93,comp.os.ms-windows.misc,0,1,128,8,0.07004162052893304,0.0057711031024170615,0.006770148240712922,0.9844556232266509,0.006564623697521943,0.9876534276231375,0.006564623697521943,0.9876534276231375,0.006564623697521943,0.9876534276231375
93,comp.os.ms-windows.misc,0,1,128,16,0.009541691060279613,0.0023583926318026137,0.0029289246239229175,0.9205752068077077,0.002835472550915108,0.9335848393516285,0.0025660985772226453,0.9710848786963081,0.0025660985772226453,0.9710848786963081
93,comp.os.ms-windows.misc,0,1,128,32,0.0049931112494466,0.0008093512335396817,0.0009458474094892525,0.9673747596825333,0.0009106368034989993,0.9757907792095569,0.0008703359153453382,0.9854234751578032,0.0008703359153453382,0.9854234751578032
93,comp.os.ms-windows.misc,0,2,128,8,1.1246079812489196,0.4068129755237863,1.5017697694858543,-0.5254449880936648,0.6369855073602785,0.6793338905946184,0.5085269594486514,0.8582966123843238,0.45049197815590186,0.9391483609056461
93,comp.os.ms-windows.misc,0,2,128,16,0.7051013606335694,0.25268347952668163,1.0045284535674912,-0.661837441529371,0.38992489163631533,0.6966490100394392,0.3048023087682521,0.8847993604628175,0.3010380599142235,0.8931196524124172
93,comp.os.ms-windows.misc,0,2,128,32,0.34560486697029763,0.13327768425383707,0.4198808745304607,-0.34981864596842716,0.2126617877735093,0.6261236903158042,0.1518640573894071,0.9124635249345815,0.1469752815617343,0.9354882538700244
93,comp.os.ms-windows.misc,0,3,128,8,0.009847123615661183,0.0005484523931888152,0.0007164394157800443,0.9819342980763476,0.0006462761008502058,0.9894798186406485,0.0006538304204773697,0.9886674101312578,0.0006538304204773697,0.9886674101312578
93,comp.os.ms-windows.misc,0,3,128,16,0.0006573710670647428,2.3535034254691796e-05,2.691792109810516e-05,0.9946628360201998,2.7871496784879067e-05,0.9931583843364633,2.649202763865342e-05,0.9953347660421702,2.649202763865342e-05,0.9953347660421702
93,comp.os.ms-windows.misc,0,3,128,32,3.1777437787181335e-05,1.804092371735718e-07,2.0221148000147088e-07,0.9993099907229126,2.084351377437279e-07,0.9991130210068391,2.0221148000147088e-07,0.9993099907229126,2.0221148000147088e-07,0.9993099907229126
93,comp.os.ms-windows.misc,0,4,128,8,0.13422708199625336,0.03703123721114029,0.04926714096769489,0.8741108348447763,0.056881081131048034,0.7957747683165564,0.053757738949254445,0.8279092920577602,0.053757738949254445,0.8279092920577602
93,comp.os.ms-windows.misc,0,4,128,16,0.023335145771159124,0.008162417990144975,0.010759275153742982,0.8288470470782787,0.012579033783971044,0.7089108921236533,0.011222947973948842,0.798287425440167,0.011222947973948842,0.798287425440167
93,comp.os.ms-windows.misc,0,4,128,32,0.002249960680600739,0.0006054435270916579,0.0007949354905256237,0.8847734953511268,0.0010378692983253044,0.7370500086843523,0.0007965040452074302,0.8838196867037317,0.0007965040452074302,0.8838196867037317
93,comp.os.ms-windows.misc,0,5,128,8,0.48687746907720375,0.11528446999662002,0.17605207742806225,0.8364672973339193,0.1610350532118378,0.8768798569176048,0.1586435182662415,0.8833157557410853,0.1610350532118378,0.8768798569176048
93,comp.os.ms-windows.misc,0,5,128,16,0.347513716475913,0.04118631609402117,0.06987638965896813,0.9063417979286879,0.06987638965896813,0.9063417979286879,0.06987638965896813,0.9063417979286879,0.06987638965896813,0.9063417979286879
93,comp.os.ms-windows.misc,0,5,128,32,0.21824954486892384,0.0021899310992964257,0.0025285853764426803,0.9984325887136531,0.002884373919217701,0.9967858740103936,0.002449551930302944,0.9987983833420931,0.002449551930302944,0.9987983833420931
93,comp.os.ms-windows.misc,0,6,128,8,1.7336246014191214,1.064369758069359,1.399713382721199,0.49892985013993474,1.2801211401937465,0.6776244740426441,1.929747929267826,-0.2930473044723376,1.1845758339379349,0.8203881868573129
93,comp.os.ms-windows.misc,0,6,128,16,1.1145232911773901,0.61723410198101,0.8736116915372671,0.484449702253605,0.8156916330012621,0.6009212841707665,0.9731359944586448,0.2843160474637048,0.7314592360251864,0.770304409334206
93,comp.os.ms-windows.misc,0,6,128,32,0.694946607239698,0.2935310145885513,0.3946559131909047,0.7480792962364151,0.40647884894920744,0.7186261908395414,0.356347045869547,0.8435137238538054,0.330842482017286,0.9070502787838625
93,comp.os.ms-windows.misc,0,7,128,8,0.1370087425073129,0.07174563262383284,0.09514422580037289,0.6414729053164091,0.11098245885479716,0.3987901235320037,0.09514422580037289,0.6414729053164091,0.09514422580037289,0.6414729053164091
93,comp.os.ms-windows.misc,0,7,128,16,0.034711607401705084,0.008268162412718931,0.010600419495088163,0.9118020710485857,0.013769490917471228,0.7919587063242467,0.013769490917471228,0.7919587063242467,0.013769490917471228,0.7919587063242467
93,comp.os.ms-windows.misc,0,7,128,32,0.002380745915064691,0.0005426806634147141,0.0005924222859994964,0.9729380539999161,0.0006579310645783887,0.9372979816357347,0.0006342433907425026,0.9501852683164564,0.0006342433907425026,0.9501852683164564
93,comp.os.ms-windows.misc,0,8,128,8,1.3518535974801362,0.41645203748143433,1.2915695628959487,0.06444722476651758,0.819618342344276,0.5689911989633616,0.5394795721177911,0.8684762353437517,0.5531591941748495,0.8538519043162545
93,comp.os.ms-windows.misc,0,8,128,16,0.9458842631236036,0.24881731861324438,0.7236633372376131,0.31879423868260626,0.5170394291296582,0.61521326950194,0.3124242740317477,0.9087505785212887,0.3353590646174448,0.8758487306194244
93,comp.os.ms-windows.misc,0,8,128,32,0.4524404483324165,0.1384182099895775,0.3353590646174448,0.37284424291997476,0.2691211789239697,0.5837779845652362,0.16130462085626066,0.9271185028568055,0.16431391389909394,0.9175354457500414
93,comp.os.ms-windows.misc,0,9,128,8,0.7566955316271036,0.5159457450918397,0.7511428138878663,0.02306426858835005,0.5594046802246636,0.8194850522683297,0.6229166416603643,0.5556760481162211,0.5559317124996122,0.8339106838546853
93,comp.os.ms-windows.misc,0,9,128,16,0.5109954084654971,0.3371676223939674,0.4986721429444347,0.07089353088804455,0.3610096124912431,0.8628413176276389,0.42341327948654045,0.503844241236075,0.3689623951963046,0.8170903885915356
93,comp.os.ms-windows.misc,0,9,128,32,0.2822602770947112,0.20925055530775807,0.24978341700604811,0.4448292541564884,0.23304625353191397,0.6740749362996724,0.24053766741619934,0.5714664931919753,0.22922342826707698,0.7264354325633374
93,comp.os.ms-windows.misc,0,10,128,8,0.9455885658830345,0.5930096159508815,1.2554681302304793,-0.8788941155082433,0.8707926964306979,0.2121393505390201,0.7472163652857458,0.5626320023797838,0.6565324287479332,0.8198337909586623
93,comp.os.ms-windows.misc,0,10,128,16,0.5965282968843442,0.3318285992875664,0.9409657176886319,-1.3012384371098755,0.4761156261996693,0.4549029401163195,0.3897154539005811,0.7813112174340491,0.3613834154494947,0.8883458635190822
93,comp.os.ms-windows.misc,0,10,128,32,0.278131851809428,0.1440910125167978,0.43828398383716494,-1.1948010238737914,0.20948359853344659,0.5121443109298393,0.1603851976278522,0.878438652003052,0.16133801662674535,0.8713302288991573
93,comp.os.ms-windows.misc,0,11,128,8,1.0204049061937142,0.8053585912614918,1.0403706832990722,-0.09284407924707208,0.9460517359627583,0.34575421696665803,1.57647260380909,-2.585804354706731,0.8585000935813774,0.7528834551913408
93,comp.os.ms-windows.misc,0,11,128,16,0.7556351873989209,0.6098924126540606,0.9255064089724224,-1.1655550120469498,0.7305537902878249,0.17209358855012835,0.9826331678683718,-1.5575247614630459,0.6522417669916817,0.7094239874892009
93,comp.os.ms-windows.misc,0,11,128,32,0.5825522089992071,0.4245090861750188,0.592868924925859,-0.06527785418495212,0.49997470954246237,0.5224997961385914,0.509212157706432,0.4640508867593098,0.4397859173501014,0.9033375770986443
93,comp.os.ms-windows.misc,5,0,128,8,0.24737776083018295,0.11173446954092395,0.15521465628504982,0.6794519925692124,0.15521465628504982,0.6794519925692124,0.13052941835780116,0.8614384195618121,0.12468606095017111,0.9045172725746685
93,comp.os.ms-windows.misc,5,0,128,16,0.14866670826524092,0.05575021483240358,0.06924556428370761,0.8547583001390507,0.06751866291014474,0.8733438204246512,0.06226206074374429,0.9299172227582215,0.06226206074374429,0.9299172227582215
93,comp.os.ms-windows.misc,5,0,128,32,0.07217230247537657,0.020672955385614266,0.023582243799752607,0.9435082466372339,0.025497729207899607,0.9063138836716539,0.025978978566202026,0.8969691174659075,0.025978978566202026,0.8969691174659075
93,comp.os.ms-windows.misc,5,1,128,8,0.07601057708943007,0.003929274300117406,0.004275332132465841,0.99519906246201,0.0045849064567959185,0.9909042687727929,0.0041715204307880135,0.9966392653670719,0.0041715204307880135,0.9966392653670719
93,comp.os.ms-windows.misc,5,1,128,16,0.007784386631228238,0.0011478636511515936,0.0012261290428301015,0.9882068679768808,0.0013123928525140612,0.9752085238224297,0.0011981521662794512,0.992422460484379,0.0011981521662794512,0.992422460484379
93,comp.os.ms-windows.misc,5,1,128,32,0.00171164325896571,0.00020878554351050932,0.0002244196880539904,0.9895970560734384,0.000242533803522161,0.9775439420082229,0.00021473640432812741,0.9960403032459958,0.00021473640432812741,0.9960403032459958
93,comp.os.ms-windows.misc,5,2,128,8,0.4299759740351832,0.08075139672596361,0.1645471183063274,0.7600520495263792,0.20331532730720756,0.6490397911693363,0.11968544390666376,0.8885128661886069,0.11968544390666376,0.8885128661886069
93,comp.os.ms-windows.misc,5,2,128,16,0.19065655212784993,0.012913019996128419,0.02114903091462967,0.9536635127043739,0.027876695958924804,0.9158131056397194,0.01835531583565488,0.9693811877469988,0.01835531583565488,0.9693811877469988
93,comp.os.ms-windows.misc,5,2,128,32,0.018396954165963663,0.0006122321337641653,0.0012365858016890685,0.9648938191558742,0.00142184131087909,0.9544772656188206,0.0009079893097090308,0.9833701547086654,0.0009079893097090308,0.9833701547086654
93,comp.os.ms-windows.misc,5,3,128,8,0.6127925351925801,0.2751792075056657,0.4004117792531726,0.6290650828108265,0.538037072297398,0.2214233170454297,0.3712641889540607,0.7153993235198957,0.3712641889540607,0.7153993235198957
93,comp.os.ms-windows.misc,5,3,128,16,0.2985153226718046,0.07048051949360033,0.10927761018924306,0.8298632921163195,0.12884907456453407,0.7440366371385864,0.0953490509003964,0.8909441407180207,0.0953490509003964,0.8909441407180207
93,comp.os.ms-windows.misc,5,3,128,32,0.06288014577616366,0.005843667671304846,0.011262232661110438,0.9049982542778356,0.013548512954623719,0.864913726454956,0.008662545018799699,0.9505776401145863,0.008662545018799699,0.9505776401145863
93,comp.os.ms-windows.misc,5,4,128,8,0.3326696863236295,0.08794951842709478,0.17561520419803509,0.6417717161423144,0.17561520419803509,0.6417717161423144,0.11038515220858146,0.9083212717025747,0.11038515220858146,0.9083212717025747
93,comp.os.ms-windows.misc,5,4,128,16,0.10494509770452608,0.009358645612795147,0.014359010260275482,0.9476875170271863,0.015140335362914186,0.9395135019283846,0.015140335362914186,0.9395135019283846,0.015140335362914186,0.9395135019283846
93,comp.os.ms-windows.misc,5,4,128,32,0.004147576873768881,0.00019418647753956058,0.0003599533337879714,0.9580696972384725,0.00037180711464723017,0.9550713136559746,0.0003150390122400478,0.9694306601200442,0.0003150390122400478,0.9694306601200442
93,comp.os.ms-windows.misc,5,5,128,8,0.3175620649165488,0.15677447803073882,0.23781718166335544,0.4959641773206505,0.18834422840501144,0.8036555496246536,0.18737613540839335,0.8096764932520097,0.18737613540839335,0.8096764932520097
93,comp.os.ms-windows.misc,5,5,128,16,0.1943200558234,0.08048745153066221,0.10742696595132718,0.7633409637946442,0.09496377844002259,0.8728279388905809,0.08573581797140845,0.9538939965982921,0.08573581797140845,0.9538939965982921
93,comp.os.ms-windows.misc,5,5,128,32,0.09502133049125781,0.0277685747814508,0.03691021668819073,0.8640703743622676,0.03356813852105878,0.913764667657146,0.029929246967846688,0.9678723620528041,0.029929246967846688,0.9678723620528041
93,comp.os.ms-windows.misc,5,6,128,8,0.043085444982275845,0.008587742564877038,0.017605111058825392,0.738609592463744,0.022954979531590126,0.5835306133469625,0.016122463872005523,0.781587735439205,0.016122463872005523,0.781587735439205
93,comp.os.ms-windows.misc,5,6,128,16,0.02140460981154832,0.0017056893928449359,0.0031222238850311377,0.9280907551237552,0.003968730386404751,0.8851185270330275,0.0030413905770487024,0.932194193599789,0.0030413905770487024,0.932194193599789
93,comp.os.ms-windows.misc,5,6,128,32,0.004324128456652092,0.00018542994998035374,0.00034432372295526656,0.961607792227733,0.00034432372295526656,0.961607792227733,0.0002291163248649281,0.9894444171726571,0.0002291163248649281,0.9894444171726571
93,comp.os.ms-windows.misc,5,7,128,8,0.15078011187095208,0.03865531393283729,0.051385751862885076,0.8864618874312343,0.05232557697917016,0.8780799314895719,0.04826034238670629,0.9143362696700661,0.04826034238670629,0.9143362696700661
93,comp.os.ms-windows.misc,5,7,128,16,0.05515229430112291,0.008098649539980528,0.0106563377197672,0.9456431442713903,0.011177283065484218,0.9345718372905711,0.009107281415009683,0.9785642136725168,0.009107281415009683,0.9785642136725168
93,comp.os.ms-windows.misc,5,7,128,32,0.010881190315347499,0.0007102040893850454,0.001085837963547304,0.9630680972506466,0.001085837963547304,0.9630680972506466,0.0008413372226473674,0.9871071368745352,0.0008413372226473674,0.9871071368745352
93,comp.os.ms-windows.misc,5,8,128,8,0.2752341998358216,0.09233283468270145,0.10779705416806457,0.9154504971987668,0.10883257781345361,0.9097888464805114,0.10744121298425083,0.9173960331630054,0.10744121298425083,0.9173960331630054
93,comp.os.ms-windows.misc,5,8,128,16,0.1251904374554384,0.028244736427903885,0.03150707316936814,0.9663488250960434,0.03546165381175021,0.9255571179809554,0.031285680869542684,0.9686324983015481,0.031285680869542684,0.9686324983015481
93,comp.os.ms-windows.misc,5,8,128,32,0.04100952675056872,0.004752520682815525,0.005412623359161781,0.9817937897267984,0.005680911100149034,0.9743941787251095,0.00533565064970631,0.9839167645061178,0.00533565064970631,0.9839167645061178
93,comp.os.ms-windows.misc,5,9,128,8,0.5547577204155077,0.4056017376245885,0.5342580694852807,0.13743767126634585,0.4470761574006207,0.7219392812813328,0.47126706582236694,0.5597539772184305,0.42979676521173094,0.8377870794424785
93,comp.os.ms-windows.misc,5,9,128,16,0.40591348121936555,0.2784532192851313,0.3722928786756425,0.2637732108307631,0.30907200416669506,0.7597777972764392,0.29855282008870326,0.8423069237536732,0.2920765906130073,0.8931167163699596
93,comp.os.ms-windows.misc,5,9,128,32,0.2625557953608245,0.15308129105978566,0.2024875624430593,0.548696094138836,0.1647046132029797,0.8938262181006859,0.16081563223839854,0.9293502973318374,0.1619116694734038,0.9193384937433844
93,comp.os.ms-windows.misc,5,10,128,8,0.6193488265977007,0.38074832478455023,0.5590221618575731,0.2528354478791909,0.6959206981723906,-0.3209208320720704,0.5056296850289829,0.4766089790446963,0.4601428752275687,0.6672490215247208
93,comp.os.ms-windows.misc,5,10,128,16,0.41863002960429474,0.24299131826248074,0.4044459513796213,0.08075712988504861,0.4044459513796213,0.08075712988504861,0.2828481814122787,0.7730747234177111,0.2836718789949828,0.768384996555043
93,comp.os.ms-windows.misc,5,10,128,32,0.23876480213657345,0.12604946538381523,0.23222881114461022,0.05798670509497711,0.24135199526512724,-0.022953337168559573,0.13939614022059676,0.8815895403297463,0.13939614022059676,0.8815895403297463
93,comp.os.ms-windows.misc,5,11,128,8,0.5980803460922542,0.354142268580588,0.7521419936663293,-0.6315604728282205,0.5967369328284196,0.005507189683293473,0.41437444333697043,0.7530841622972869,0.39826777748827213,0.8191118444574368
93,comp.os.ms-windows.misc,5,11,128,16,0.4536285365400408,0.22060697997010953,0.40627491632280566,0.20321562053862613,0.3939579446483942,0.2560732696579473,0.24323207587606285,0.9029055670256696,0.24762393288379614,0.8840581390349668
93,comp.os.ms-windows.misc,5,11,128,32,0.2730770830033379,0.11098494066663182,0.22984274104143598,0.26672694517229173,0.19310806361995828,0.4933553115564596,0.12120803491749468,0.9369303526778805,0.12120803491749468,0.9369303526778805
93,comp.os.ms-windows.misc,11,0,128,8,0.8263700146773533,0.5427215881510206,1.2167911049961806,-1.3764260747012544,1.2167911049961806,-1.3764260747012544,0.8475149044855039,-0.07454612058702062,0.5702445208147748,0.9029681461631547
93,comp.os.ms-windows.misc,11,0,128,16,0.6017633761645921,0.3446469046901302,1.2167911049961806,-2.3920199484095526,1.2167911049961806,-2.3920199484095526,0.4387246815826228,0.6341044338661249,0.36420245108684024,0.9239428486064442
93,comp.os.ms-windows.misc,11,0,128,32,0.3353360641683607,0.18077120329671106,1.2167911049961806,-5.702816512478722,0.672472573715997,-2.181197638624951,0.206465064046629,0.8337664809127989,0.19168372312638693,0.9293984430346196
93,comp.os.ms-windows.misc,11,1,128,8,0.5635845365023024,0.42251888264710125,0.7041125448745047,-0.9961886861308507,0.6729368472931293,-0.7751873528553808,0.5831743824423867,-0.13887041533293817,0.4444779297346918,0.8443345599196618
93,comp.os.ms-windows.misc,11,1,128,16,0.43722058713761314,0.28826245456847416,0.5574864953601523,-0.8073806119093072,0.4881007747099557,-0.3415737475678042,0.3173628628099954,0.8046403526976662,0.30056270256088885,0.9174247972885567
93,comp.os.ms-windows.misc,11,1,128,32,0.2654689554522735,0.15686443392876823,0.326266096942129,-0.5598030416873313,0.27617324693473705,-0.09856211631250376,0.1662283480392386,0.9137797029155572,0.16716426970255382,0.9051619985125904
93,comp.os.ms-windows.misc,11,2,128,8,0.6395068494201732,0.4266714598419994,0.779241264793624,-0.6565375037036626,0.779241264793624,-0.6565375037036626,0.6198330717689917,0.09243659003408068,0.4981307515181456,0.6642508944693174
93,comp.os.ms-windows.misc,11,2,128,16,0.40255694571513917,0.2565187795793689,0.7299601222622606,-2.241901450903854,0.5346905626086536,-0.9047882508376,0.3256192104828181,0.5268330688348469,0.3249182586751321,0.5316328538926404
93,comp.os.ms-windows.misc,11,2,128,32,0.2176065823646096,0.12993302459863174,0.2550050154051206,-0.4265645651147925,0.23087392231418283,-0.15132658338089783,0.14726364026178276,0.8023279070137581,0.13923022022398324,0.8939566744836798
93,comp.os.ms-windows.misc,11,3,128,8,0.5831303868916475,0.3562921419283622,1.005766857155423,-1.863162317854209,0.9900526783653667,-1.7938874969676353,0.3975851307754337,0.8179628446086993,0.37875528797334956,0.9009728449952384
93,comp.os.ms-windows.misc,11,3,128,16,0.3618030807362994,0.18846818579660274,0.9900526783653667,-3.624484255450328,0.7053907517451935,-1.98221870517433,0.21509576744072603,0.8463807206656971,0.21137750783529935,0.867832025128773
93,comp.os.ms-windows.misc,11,3,128,32,0.19357922593653176,0.0780447843402895,0.7053907517451935,-4.429947630657941,0.45804026214259835,-2.2890233643944677,0.08683837327114856,0.9238877272494207,0.08963424129726756,0.8996882938381293
93,comp.os.ms-windows.misc,11,4,128,8,0.758863613493413,0.6224942129589263,1.0494784481031636,-2.1310853715768614,0.8767490774543992,-0.8644568612822632,1.4599490244617221,-5.141075697483982,0.6796240996034066,0.5810652065597908
93,comp.os.ms-windows.misc,11,4,128,16,0.6106973605469852,0.42332354440092385,0.8551751540534102,-1.3047596432355841,0.6707177017053997,-0.3203240580403588,0.5553346642486766,0.29546655683818884,0.470843176521204,0.7463912882937832
93,comp.os.ms-windows.misc,11,4,128,32,0.3857540615756128,0.2341314939771438,0.4666416574355159,-0.5334799241370968,0.3827370579235379,0.019898117409966457,0.28977350435573573,0.6330228985044983,0.2669887925070857,0.7832954615505822
93,comp.os.ms-windows.misc,11,5,128,8,0.5747804334231809,0.3547180326608575,0.648636636383904,-0.3356148197278414,0.5532284824443587,0.09793563509333489,0.44834920967734265,0.5745244226540509,0.3953771052171393,0.8152384395724406
93,comp.os.ms-windows.misc,11,5,128,16,0.403037421187339,0.2302461459945922,0.43915802968402873,-0.20904185385747978,0.3786677454966777,0.1410353367869829,0.26805388173498185,0.7811941853070097,0.25065739182302726,0.8818734001142908
93,comp.os.ms-windows.misc,11,5,128,32,0.22474182941384355,0.12114717964226357,0.219136145554193,0.05411171206245442,0.2070598647793634,0.17068414897359888,0.13238302622049183,0.8915402812500198,0.13238302622049183,0.8915402812500198
93,comp.os.ms-windows.misc,11,6,128,8,0.574869736542776,0.44497417295679537,0.7713437372805061,-1.512553587772687,0.7713437372805061,-1.512553587772687,0.645659861856886,-0.544977236788018,0.486228951389872,0.6824004046468514
93,comp.os.ms-windows.misc,11,6,128,16,0.4181922850355481,0.30057703902349475,0.6148405984802942,-1.6719627778918498,0.6148405984802942,-1.6719627778918498,0.37433877763050855,0.3728556364244258,0.3230939477960975,0.8085545068681386
93,comp.os.ms-windows.misc,11,6,128,32,0.27786377679076196,0.1706862644731197,0.38194355874983615,-0.9710971985486346,0.3579742984786879,-0.7474564389076522,0.18927140357207697,0.8265947893633091,0.17489726310545162,0.9607100543642795
93,comp.os.ms-windows.misc,11,7,128,8,0.7259577844652293,0.4454696471421787,0.7054948338728995,0.07295478086034614,0.701248767348149,0.08809291313672143,0.6591100651575017,0.2383263689713056,0.4739826781587025,0.8983449664265691
93,comp.os.ms-windows.misc,11,7,128,16,0.4375983545544905,0.303754244248946,0.5559098578350951,-0.8839500147635821,0.5158853373432534,-0.5849116753067904,0.3759982094651979,0.46023799589439823,0.3358361474132496,0.7603039603979153
93,comp.os.ms-windows.misc,11,7,128,32,0.2593819370096338,0.16254572585958252,0.3487121840217419,-0.9224880439992391,0.3358361474132496,-0.7895208775273864,0.19949452993642455,0.6184402132422498,0.1805774506396909,0.8137915087139503
93,comp.os.ms-windows.misc,11,8,128,8,0.4581978113730583,0.2520710522776048,0.508445314676992,-0.24376991868709796,0.37980483932697084,0.38031438707957915,0.3092322171788165,0.7226892561060381,0.32531210067769667,0.644679571340006
93,comp.os.ms-windows.misc,11,8,128,16,0.2942202508968042,0.14936596296975546,0.32181246589288653,-0.190482555890774,0.22971519692502224,0.4453099379720667,0.18054598830977175,0.7847490344523379,0.18711422828860808,0.7394052612521672
93,comp.os.ms-windows.misc,11,8,128,32,0.15292850591391385,0.07260858896126171,0.15914829641921077,-0.07743771086022695,0.11347954609848487,0.4911479158859661,0.0827046237113016,0.8743022262337321,0.08419278677604944,0.8557742804737148
93,comp.os.ms-windows.misc,11,9,128,8,0.48630537811952707,0.24645449722404641,0.6023051569546813,-0.48363290725500097,0.5605987245019638,-0.30974806556917084,0.29736958162888216,0.7877219203250585,0.29736958162888216,0.7877219203250585
93,comp.os.ms-windows.misc,11,9,128,16,0.34719254551090395,0.13580664162676478,0.39711600628408344,-0.23617213757329153,0.3346796571397876,0.05919452594140188,0.17176480381681647,0.8298932827150083,0.17176480381681647,0.8298932827150083
93,comp.os.ms-windows.misc,11,9,128,32,0.19309762133399955,0.06507974684459446,0.20036588643178185,-0.05677539270802247,0.14868095681798205,0.3469567409486514,0.07452196394409141,0.926242978668745,0.07226450852910722,0.9438768866209586
93,comp.os.ms-windows.misc,11,10,128,8,1.0485940214674019,0.43588179205877936,1.0089375390612767,0.06472285112441908,1.0089375390612767,0.06472285112441908,0.5959502620577986,0.7387542433198795,0.5493749116166003,0.8147692928091835
93,comp.os.ms-windows.misc,11,10,128,16,0.5420047761366092,0.271082998599275,0.5372066981708443,0.017710196682522973,1.0089375390612767,-1.7234966017463176,0.3194359970953644,0.8215241353588633,0.39422902772763185,0.5454554069157959
93,comp.os.ms-windows.misc,11,10,128,32,0.2558311655199341,0.12916764121043436,0.22344391734471972,0.25569514468961735,0.39422902772763185,-1.0926418079882678,0.13933254775686046,0.9197487469116337,0.1453767541015291,0.8720301445940499
93,comp.os.ms-windows.misc,11,11,128,8,0.8138492623067677,0.2977736779311685,0.7035155306389898,0.21379374457575032,1.294311683151785,-0.9309923495534663,0.7023642770647446,0.2160245293853787,0.7023642770647446,0.2160245293853787
93,comp.os.ms-windows.misc,11,11,128,16,0.5452777445976779,0.15932468144840603,0.7023642770647446,-0.4070094202266033,0.7023642770647446,-0.4070094202266033,0.246591260736236,0.7738932849094177,0.2832685767560557,0.6788627759647734
93,comp.os.ms-windows.misc,11,11,128,32,0.25736645388602225,0.07191995554228589,0.21862172633144872,0.2089267141769257,0.7023642770647446,-2.3996021879792617,0.12168114922786434,0.731668194708411,0.1358177272815754,0.6554382406247914
96,talk.politics.misc,0,0,128,8,0.8203183883402153,0.5798032373261359,0.9299441633147512,-0.45579571395948576,0.6951064010083444,0.5205991672621954,1.0233050158413985,-0.843966073011761,0.6899156679955938,0.5421808971069267
96,talk.politics.misc,0,0,128,16,0.49931847226647796,0.3490413389185027,0.5907532227572851,-0.6084408748940187,0.4081229532658406,0.6068489394821563,0.5071492643001042,-0.05210900593567751,0.4081229532658406,0.6068489394821563
96,talk.politics.misc,0,0,128,32,0.2613553226760908,0.18321438608030066,0.27670667495057005,-0.19645723411134947,0.21446534302676148,0.6000693323127576,0.23608456868816652,0.3233996812534462,0.20834698811233424,0.6783683031336023
96,talk.politics.misc,0,1,128,8,0.030485457476842216,0.004191071911848598,0.004892304042050966,0.9733314882574804,0.004892304042050966,0.9733314882574804,0.004575288562663095,0.9853878825247768,0.004575288562663095,0.9853878825247768
96,talk.politics.misc,0,1,128,16,0.010273580916589318,0.0020106393573364983,0.002300542940361874,0.9649152083496534,0.0024184858475984057,0.9506414891915577,0.002144872481750322,0.9837548016706583,0.002144872481750322,0.9837548016706583
96,talk.politics.misc,0,1,128,32,0.00445378184543737,0.0007435390987679179,0.0008775232179004087,0.9638880449930768,0.0008699176234738116,0.9659379363198435,0.0007920878124843217,0.986914949497581,0.0007920878124843217,0.986914949497581
96,talk.politics.misc,0,2,128,8,1.5080171140636451,0.7431444145799588,1.7706336412037564,-0.34334671288096164,1.1118059915548686,0.5180092357541742,1.4146349650093413,0.12208848494310207,0.8693480400068492,0.8350004837248318
96,talk.politics.misc,0,2,128,16,1.1363569906768967,0.4560250478803818,1.1363569906768967,0.0,0.6825506399936234,0.6670366656868929,0.6415607024848954,0.7272865744891142,0.5461228618734547,0.8675678616195435
96,talk.politics.misc,0,2,128,32,0.5734909770544971,0.23572568995508783,0.6545901392457448,-0.2401050826972015,0.37601448215577105,0.5846559798805074,0.27827376168414597,0.8740306557419097,0.2594191872422129,0.9298521837735452
96,talk.politics.misc,0,3,128,8,0.013872312900683246,0.0004620154586375073,0.0005934781038940066,0.990196888188004,0.0006173852863062293,0.9884141400785351,0.0005180167754181614,0.9958240063635673,0.0005180167754181614,0.9958240063635673
96,talk.politics.misc,0,3,128,16,0.0008515589701462506,2.2126665737091923e-05,2.7146534301711447e-05,0.9939478260758178,2.7146534301711447e-05,0.9939478260758178,2.7146534301711447e-05,0.9939478260758178,2.7146534301711447e-05,0.9939478260758178
96,talk.politics.misc,0,3,128,32,1.0556066253401145e-05,2.2800844108359431e-07,2.64726817551073e-07,0.9964447936742097,2.5522013121837026e-07,0.9973652655098112,2.64726817551073e-07,0.9964447936742097,2.64726817551073e-07,0.9964447936742097
96,talk.politics.misc,0,4,128,8,0.11193699246417149,0.04151638235914449,0.05463244731450654,0.8137467861212727,0.0726963380750393,0.5572325251174015,0.0576824288297191,0.770435864635876,0.0576824288297191,0.770435864635876
96,talk.politics.misc,0,4,128,16,0.030448954536927225,0.008135207878187672,0.010765126453357192,0.8821390860355822,0.016201256200552915,0.63851663076913,0.010765126453357192,0.8821390860355822,0.010765126453357192,0.8821390860355822
96,talk.politics.misc,0,4,128,32,0.0022747338217575432,0.0006026755521358961,0.0007003598887732214,0.9415783896936621,0.0009907409137408054,0.7679115802030507,0.0007457033299841107,0.9144600517537114,0.0007457033299841107,0.9144600517537114
96,talk.politics.misc,0,5,128,8,0.5602349051362644,0.07780660372284318,0.11184008682983898,0.9294538006844038,0.10400501800021475,0.9456946986720818,0.09998184258655234,0.9540341252809174,0.09998184258655234,0.9540341252809174
96,talk.politics.misc,0,5,128,16,0.31107230022015425,0.02223808861525141,0.0315868185329651,0.9676328857798125,0.028912064192390206,0.9768934035201198,0.0315868185329651,0.9676328857798125,0.0315868185329651,0.9676328857798125
96,talk.politics.misc,0,5,128,32,0.17430820543778858,0.00120782165571829,0.0018260606009736341,0.9964284368887727,0.0015244011598412764,0.998171121881962,0.0017036805376412193,0.9971354258662579,0.0017036805376412193,0.9971354258662579
96,talk.politics.misc,0,6,128,8,1.7253750395165028,1.0236596396660038,1.4598456229413308,0.3784004407367193,1.4550099926233842,0.3852915967794353,2.3506314092674123,-0.8910398288025613,1.4598456229413308,0.3784004407367193
96,talk.politics.misc,0,6,128,16,1.1439176848695753,0.6163173266063858,0.8052471561309588,0.6419073138113248,0.9514992029272651,0.3647049872667519,1.1218262583129137,0.0418715154579965,0.8090526638097015,0.6346944535106417
96,talk.politics.misc,0,6,128,32,0.7019126365081548,0.3374438165771801,0.4873698147497545,0.5886452009777728,0.5153812959609655,0.5117895697703736,0.4685561754210581,0.6402645393131055,0.41733696119898217,0.7807956668640881
96,talk.politics.misc,0,7,128,8,0.18668835529473368,0.07056549121940114,0.10643823186946255,0.6910794361152716,0.10643823186946255,0.6910794361152716,0.10643823186946255,0.6910794361152716,0.10643823186946255,0.6910794361152716
96,talk.politics.misc,0,7,128,16,0.036349500115219084,0.010181720546428217,0.012453454119583013,0.9131858487579056,0.013677498779305134,0.8664090614304099,0.0123688707792882,0.9164181956244962,0.0123688707792882,0.9164181956244962
96,talk.politics.misc,0,7,128,32,0.004610794592653207,0.0007627812845010126,0.0008919980488592847,0.9664198759176533,0.0012859542256467202,0.8640407661695605,0.000985926769843408,0.9420102095619962,0.000985926769843408,0.9420102095619962
96,talk.politics.misc,0,8,128,8,1.2196863126207302,0.5476905641697178,1.0120938990492079,0.30891923654284187,1.029818112054755,0.28254375270026943,0.8476610120236887,0.5536125808155491,0.7550341179235144,0.6914510929098362
96,talk.politics.misc,0,8,128,16,0.8027628892011318,0.34383184224749247,0.6301704985267086,0.37607477598232375,0.6374126530937959,0.36029429084155945,0.45478881549254424,0.7582273546721704,0.49220419362773177,0.6767001222403075
96,talk.politics.misc,0,8,128,32,0.3729904009085706,0.19843512492066193,0.2969373830313724,0.4356958988880195,0.3753614043174455,-0.013583109393033496,0.239511822086452,0.7646779970796447,0.26456047435336943,0.621178168013163
96,talk.politics.misc,0,9,128,8,0.9283136012175841,0.6451408803517984,0.9501387280637381,-0.07707354995009699,0.7465720927278839,0.641804436296106,0.9501387280637381,-0.07707354995009699,0.7317835756365486,0.6940288068008644
96,talk.politics.misc,0,9,128,16,0.6470883768896099,0.44448329461221114,0.7317835756365486,-0.41803096839879617,0.522005960362539,0.6173705768930962,0.5627808560002783,0.41611750278752196,0.4990222725971997,0.7308114023007773
96,talk.politics.misc,0,9,128,32,0.41324893420591247,0.2879420657589735,0.3724004580762681,0.3259875267487162,0.3413084108479546,0.5741147652127385,0.33093806990686203,0.656874322367292,0.3140373129221536,0.7917492673258364
96,talk.politics.misc,0,10,128,8,1.211703785859638,0.6703064248014704,1.3426114915368534,-0.24179598035231417,0.9466205921474955,0.48962779056409556,0.8838601667967314,0.6055508257781906,0.7630215399658458,0.8287484907884247
96,talk.politics.misc,0,10,128,16,0.7122190221271584,0.38488132531306984,0.7540303091606653,-0.12773135340184671,0.5193474780951988,0.5892127485136581,0.488353632976789,0.6838973675479659,0.4643692190922973,0.7571685309914898
96,talk.politics.misc,0,10,128,32,0.3497284025482401,0.18634716561829956,0.3497284025482401,0.0,0.25323988763115657,0.5905728021783723,0.21103704207887522,0.8488818121069623,0.21103704207887522,0.8488818121069623
96,talk.politics.misc,0,11,128,8,1.174275025829072,0.8882045335100418,2.2532253267917794,-3.771623882687788,1.0348864842351155,0.4872524267148399,2.2052327363669457,-3.603858972592441,0.9855513158605489,0.6597105085485556
96,talk.politics.misc,0,11,128,16,0.7956466643000296,0.6712854043318074,1.269157832521602,-3.8075456001536785,0.8149865963831099,-0.15551412142352178,1.628031554142191,-6.693281252174986,0.723537907047234,0.5798329581995345
96,talk.politics.misc,0,11,128,32,0.6633298396363954,0.46197376400893,0.5967367272737729,0.3307231339064646,0.5523980562204709,0.5509234477789611,0.6661184727510168,-0.013849262337535511,0.494543584761904,0.8382476384113068
96,talk.politics.misc,5,0,128,8,0.19673956138524334,0.04804595732465469,0.07269847855298077,0.8342059069448553,0.07269847855298077,0.8342059069448553,0.07269847855298077,0.8342059069448553,0.07269847855298077,0.8342059069448553
96,talk.politics.misc,5,0,128,16,0.11340888325459864,0.018377863424851853,0.028442647075384082,0.8940894913201624,0.028442647075384082,0.8940894913201624,0.028442647075384082,0.8940894913201624,0.028442647075384082,0.8940894913201624
96,talk.politics.misc,5,0,128,32,0.034675814278942,0.004522370225122108,0.007611595428888811,0.8975498388093629,0.007611595428888811,0.8975498388093629,0.007611595428888811,0.8975498388093629,0.007611595428888811,0.8975498388093629
96,talk.politics.misc,5,1,128,8,0.013326982045568318,0.000977528962981339,0.001138954975494102,0.9869284889433382,0.0011860390395758015,0.9831158452767057,0.0009957315784090205,0.9985260387398575,0.0009957315784090205,0.9985260387398575
96,talk.politics.misc,5,1,128,16,0.0042331340040261374,0.00020227302958783126,0.00022401012293673777,0.9946073324069593,0.000246483298402063,0.9890320531780702,0.0002069169494443286,0.9988479087009088,0.0002069169494443286,0.9988479087009088
96,talk.politics.misc,5,1,128,32,0.00047310691780016014,2.24545694234255e-05,2.5203724023919627e-05,0.9938996110629477,2.9916065356828317e-05,0.9834429001418069,2.2825238896984825e-05,0.9991774824320909,2.2825238896984825e-05,0.9991774824320909
96,talk.politics.misc,5,2,128,8,0.41358304632453496,0.09315655334922811,0.2791193694211544,0.4196396984994084,0.29245958499242414,0.3780070124895853,0.1450547813704153,0.8380339043151882,0.1450547813704153,0.8380339043151882
96,talk.politics.misc,5,2,128,16,0.20018264461536192,0.019997919443339278,0.041575838641320875,0.8802455692213581,0.05424882287844223,0.8099122808417664,0.029814832866521233,0.9455175048061942,0.029814832866521233,0.9455175048061942
96,talk.politics.misc,5,2,128,32,0.03958723372779909,0.0012149160371808377,0.0027929709521543515,0.958875173303401,0.0037090338295000854,0.9350021593058727,0.0016969875202564612,0.9874369985424809,0.0016969875202564612,0.9874369985424809
96,talk.politics.misc,5,3,128,8,0.4708882568357231,0.2409956295189422,0.5386695657069218,-0.29483898488749427,0.5386695657069218,-0.29483898488749427,0.36928830396384577,0.4419452422538002,0.36928830396384577,0.4419452422538002
96,talk.politics.misc,5,3,128,16,0.16449301971308283,0.07159777576603533,0.14607069194519146,0.1983129273915524,0.14607069194519146,0.1983129273915524,0.09027538448312222,0.7989390207346506,0.09027538448312222,0.7989390207346506
96,talk.politics.misc,5,3,128,32,0.054659127552631345,0.010197456118923464,0.018202896655114143,0.8199473776390357,0.022821420081073605,0.7160708638456743,0.012364366937063876,0.9512633972528166,0.012364366937063876,0.9512633972528166
96,talk.politics.misc,5,4,128,8,0.28070425993539705,0.07619755475914643,0.12745687654417018,0.7493513880591505,0.162639100726671,0.5773168127029067,0.10213135298511136,0.8731885186668361,0.10213135298511136,0.8731885186668361
96,talk.politics.misc,5,4,128,16,0.0798207640213075,0.010452844521220611,0.018533403793699978,0.8835115809914229,0.021741353690105686,0.8372661418961695,0.0135830063269599,0.9548759451300054,0.0135830063269599,0.9548759451300054
96,talk.politics.misc,5,4,128,32,0.013255606135372293,0.00048409795314100103,0.000810005130945409,0.9744816999563265,0.0008503182358351022,0.971325212538045,0.0005677864053377302,0.9934472537618414,0.0005677864053377302,0.9934472537618414
96,talk.politics.misc,5,5,128,8,0.19838674276428167,0.057897365295973675,0.07040788216593007,0.9109504426925192,0.06958662330264864,0.9167961434713321,0.07328304656882297,0.8904850918261058,0.07328304656882297,0.8904850918261058
96,talk.politics.misc,5,5,128,16,0.11771982908380364,0.022645105895836518,0.03225606941973952,0.8989114750836383,0.028535351729825284,0.9380461426919594,0.028535351729825284,0.9380461426919594,0.028535351729825284,0.9380461426919594
96,talk.politics.misc,5,5,128,32,0.04282028684000936,0.005932763374940428,0.00721148005354445,0.965334710533904,0.0075531818432393455,0.956071367332822,0.006896420751762407,0.9738757908826672,0.006896420751762407,0.9738757908826672
96,talk.politics.misc,5,6,128,8,0.031423890796648375,0.0061126877615767595,0.013315814161238932,0.7154174619957255,0.01454354215730515,0.6669121422618095,0.011879347699437624,0.7721696621898814,0.011879347699437624,0.7721696621898814
96,talk.politics.misc,5,6,128,16,0.008302613371837356,0.0008920669531262803,0.001536713724732761,0.9130095494741393,0.0025834888248216807,0.7717547700093091,0.0012493472055848936,0.9517875967207348,0.0012493472055848936,0.9517875967207348
96,talk.politics.misc,5,6,128,32,0.0017279948951216385,0.00010141423271856004,0.00017171455308709322,0.9567803048484096,0.00022748268922105042,0.922494801877062,0.00011055706342565414,0.9943791101674684,0.00011055706342565414,0.9943791101674684
96,talk.politics.misc,5,7,128,8,0.2905409011610209,0.03508352165380471,0.06632784004314547,0.8776926372234312,0.06632784004314547,0.8776926372234312,0.04918591958933935,0.9447954959737765,0.04918591958933935,0.9447954959737765
96,talk.politics.misc,5,7,128,16,0.09675730501473005,0.007602338963728648,0.0125631590777919,0.9443573327006216,0.013417444212171755,0.9347753074672638,0.008882536873604217,0.9856407560164039,0.008882536873604217,0.9856407560164039
96,talk.politics.misc,5,7,128,32,0.01611203084994233,0.0012625570340771167,0.0018885894764954045,0.9578414393546097,0.0021457578577683926,0.9405230895960999,0.0017750328318323944,0.96548862241787,0.0017750328318323944,0.96548862241787
96,talk.politics.misc,5,8,128,8,0.29924024658106174,0.06383625964806859,0.07649214511611194,0.9462375908202193,0.08492043678691086,0.9104340694754512,0.07649214511611194,0.9462375908202193,0.07252472430587098,0.9630912595364176
96,talk.politics.misc,5,8,128,16,0.1370024554035844,0.015397089634188971,0.018624212441606114,0.9734623321347773,0.020082547648734402,0.9614699730978102,0.017747282018807257,0.9806736127986733,0.017747282018807257,0.9806736127986733
96,talk.politics.misc,5,8,128,32,0.028691698332193084,0.0027928614352392286,0.003292915063625603,0.980692043029732,0.003243672322468906,0.9825933925518214,0.003083152440524288,0.9887913497258556,0.003083152440524288,0.9887913497258556
96,talk.politics.misc,5,9,128,8,0.4724232165208693,0.29878577065013623,0.3727220419198131,0.5741916675927161,0.32873926637869677,0.8274940317259685,0.32491605413135755,0.8495123943445103,0.31986941996189183,0.8785765984633773
96,talk.politics.misc,5,9,128,16,0.3032359349354658,0.19449160851363673,0.24051167336607168,0.5768049114220547,0.21123274301199074,0.8460505016747849,0.21843052891030565,0.7798605114918117,0.20904852318403522,0.8661363295963516
96,talk.politics.misc,5,9,128,32,0.15125994819367222,0.09751171660465466,0.11367422515928852,0.6992922729398903,0.10680263122557251,0.8271400872877038,0.10662526437331032,0.830440044272678,0.10662526437331032,0.830440044272678
96,talk.politics.misc,5,10,128,8,0.6030081195311875,0.3022051092518958,0.7066452285738043,-0.34453481348604553,0.824699920751256,-0.7369999423018757,0.3851359425890888,0.7243018503698059,0.4010064130959065,0.6715415056775031
96,talk.politics.misc,5,10,128,16,0.3073730724230824,0.18801751791121227,0.3658238364490691,-0.4897196805379811,0.42058904062271446,-0.9485605312853075,0.22365065834224387,0.7014538571182474,0.2100286441971585,0.8155835614357003
96,talk.politics.misc,5,10,128,32,0.16629897523777287,0.08912542110038303,0.15025549279067735,0.20788834499618586,0.18211846676903568,-0.20498591399716826,0.10058514654763029,0.8515070923538672,0.10042781582950625,0.8535457533936834
96,talk.politics.misc,5,11,128,8,0.7058728293682528,0.35217015630746956,0.7476182311096619,-0.11802399280775348,0.6467284411766887,0.16721498788729883,0.4326079250484791,0.7725836560834064,0.39184300688777457,0.8878355929939854
96,talk.politics.misc,5,11,128,16,0.4361656723456262,0.2160655362894628,0.4606478889339707,-0.11123217380518705,0.4332970009236486,0.013033483183516088,0.24761365112421682,0.8566647190681252,0.2402019841074799,0.8903387873787677
96,talk.politics.misc,5,11,128,32,0.22028340179640768,0.1050874634781545,0.23822040863947422,-0.1557086743241915,0.23151440536001008,-0.0974947878159938,0.1256503021382489,0.8214968430285692,0.11542172805595693,0.9102896792311215
96,talk.politics.misc,11,0,128,8,0.8163059286242738,0.5420244779689879,1.323646877543065,-1.8497092957132277,1.323646877543065,-1.8497092957132277,0.9158485784041979,-0.36292155208493593,0.5982229801135757,0.795106442632836
96,talk.politics.misc,11,0,128,16,0.6139784622441694,0.33486200252909104,1.323646877543065,-2.5425530834810814,1.173238755797675,-2.0036808080913517,0.43707964278695693,0.6337813959011608,0.36616929751119,0.8878342932048602
96,talk.politics.misc,11,0,128,32,0.3662450762135805,0.16971335363950935,1.173238755797675,-4.106175171186145,0.7290700265751614,-1.8461393693063228,0.1878014178180828,0.9079636409752821,0.18685814276659513,0.9127632480775512
96,talk.politics.misc,11,1,128,8,0.5564551598916612,0.3974754333579846,0.6933675637229054,-0.861194108308157,0.6388218596111556,-0.518095618324307,0.5286530429162734,0.174878379662444,0.4395282335101711,0.7354832526820423
96,talk.politics.misc,11,1,128,16,0.41742773882380974,0.2441692212930684,0.5286530429162734,-0.6419615363078982,0.42931470455375426,-0.0686082618006668,0.2814240706634163,0.7849753657061175,0.2795633751471063,0.7957147829816916
96,talk.politics.misc,11,1,128,32,0.2037215887125661,0.11522339739808886,0.20576548836577183,-0.023095383338883786,0.18106888503096477,0.25596798471400645,0.12848082473078343,0.8501954996392586,0.12848082473078343,0.8501954996392586
96,talk.politics.misc,11,2,128,8,0.44991224010546166,0.3147291147168108,0.6171675231173004,-1.2372497124251314,0.5760125021418031,-0.9328106719962553,0.4195619717016416,0.22451225562778762,0.38432808383818046,0.48515046592336925
96,talk.politics.misc,11,2,128,16,0.3163056939749623,0.20011505274461483,0.38432808383818046,-0.5854377697112807,0.38432808383818046,-0.5854377697112807,0.2611162649877135,0.47499031249716545,0.254361411009273,0.5331262682584305
96,talk.politics.misc,11,2,128,32,0.1809308181869101,0.09975927088122472,0.254361411009273,-0.9046346319582814,0.254361411009273,-0.9046346319582814,0.13366447282646007,0.5823018893855607,0.16265211029595214,0.2251861458562794
96,talk.politics.misc,11,3,128,8,0.6620238896283795,0.3400063324648345,0.9900264814792176,-1.0185860508352758,0.9333827844550386,-0.8426835394221762,0.47591673433014076,0.5779410195442214,0.4093408344455089,0.7846871996937079
96,talk.politics.misc,11,3,128,16,0.43253132120130316,0.19051171234714726,0.8661536014384932,-1.791682427263554,0.7974781826235018,-1.5079226974625854,0.23569300313863925,0.8133155780004635,0.23578564985679604,0.8129327713403114
96,talk.politics.misc,11,3,128,32,0.24976114013490774,0.07874471020992262,0.5431341780910686,-1.7154669763884463,0.4396416721849831,-1.1103057883582579,0.09536706413393914,0.9028025907726658,0.09536706413393914,0.9028025907726658
96,talk.politics.misc,11,4,128,8,0.760404738522535,0.5615726926235498,0.9236445478293344,-0.8209934599261323,0.9236445478293344,-0.8209934599261323,0.7715481863050541,-0.056044526082985664,0.6649415402497413,0.4801197806981925
96,talk.politics.misc,11,4,128,16,0.6109494534937925,0.36365051668534504,0.8515810732508643,-0.9730394431232836,0.6859991976777258,-0.30347782789727573,0.45483654712341415,0.6312720482551047,0.4232053914958348,0.7591786055407924
96,talk.politics.misc,11,4,128,32,0.35413422266350647,0.19728496611549617,0.3899193246749739,-0.22814964379836838,0.3614771094187398,-0.046814928657221366,0.22960567615752264,0.793937754291278,0.22121396791238407,0.8474394949423084
96,talk.politics.misc,11,5,128,8,0.5521009471044692,0.27802912973913047,0.4971434045557614,0.20052241444237667,0.4971434045557614,0.20052241444237667,0.3224294281818514,0.8379975771695812,0.30981652534015114,0.8840180070078203
96,talk.politics.misc,11,5,128,16,0.310833380945685,0.17049105181494725,0.2907769474236608,0.14291079281818392,0.27851327305183515,0.2302947948351466,0.20169413101767256,0.7776645193506967,0.20169413101767256,0.7776645193506967
96,talk.politics.misc,11,5,128,32,0.165579239619331,0.08052045221818666,0.13740623323817325,0.3312180580272265,0.12449857713179206,0.48296788306890737,0.08884310936331376,0.9021540583940286,0.08820571483541204,0.9096476348648019
96,talk.politics.misc,11,6,128,8,0.512294938504756,0.3280893474664821,0.620492856548532,-0.58737586320762,0.620492856548532,-0.58737586320762,0.3698617704397322,0.7732293426176697,0.3549186362839648,0.8543513871307622
96,talk.politics.misc,11,6,128,16,0.3638574023421336,0.21499209552101814,0.41405331392215994,-0.3371901261073841,0.41405331392215994,-0.3371901261073841,0.24632037962043613,0.7895528194687851,0.22969849880239088,0.9012100025491854
96,talk.politics.misc,11,6,128,32,0.21569718416114234,0.10984089616498618,0.22969849880239088,-0.13226719835251502,0.22969849880239088,-0.13226719835251502,0.12207617091327157,0.8844161742311456,0.11741456396650549,0.9284533026342817
96,talk.politics.misc,11,7,128,8,0.5036089540172839,0.34066463695367155,0.6245087931189519,-0.7419702710740722,0.6245087931189519,-0.7419702710740722,0.4405043413728625,0.3872771618035982,0.40724937729305843,0.5913650654450707
96,talk.politics.misc,11,7,128,16,0.32510548645899184,0.21087945364115493,0.4289724899992469,-0.9093111349310188,0.40724937729305843,-0.7191345861154643,0.25528245189463583,0.6112707658831764,0.24247560901448012,0.7233891907660536
96,talk.politics.misc,11,7,128,32,0.19149307735297272,0.10342846322478394,0.1963398878458173,-0.055036980980686004,0.1963398878458173,-0.055036980980686004,0.11577050308830915,0.8598524505477323,0.11126378483137558,0.9110275825976325
96,talk.politics.misc,11,8,128,8,0.6130514663990709,0.3096747386027868,0.48307236746629023,0.4284412317218379,0.38681047782590455,0.7457427279164472,0.4241503917051665,0.6226617185374566,0.36950088102454703,0.8027991703373729
96,talk.politics.misc,11,8,128,16,0.3682581037566163,0.1702002900720659,0.26699151190343334,0.5112981405241186,0.2323600757252754,0.6861533281781435,0.20484396083023773,0.825083039574751,0.19596322025136384,0.8699221722182042
96,talk.politics.misc,11,8,128,32,0.2198410451244723,0.0702678425859678,0.11404958076282831,0.7072888897622566,0.0898591252007925,0.8690187661805173,0.08094518351415522,0.9286146131327316,0.08094518351415522,0.9286146131327316
96,talk.politics.misc,11,9,128,8,0.4379037695428091,0.261303258018321,0.5371028074557184,-0.5617143294579529,0.5371028074557184,-0.5617143294579529,0.35795032307632446,0.45273621110320494,0.3084407056136124,0.7330843088257127
96,talk.politics.misc,11,9,128,16,0.2761545208108187,0.14734920080550393,0.3861723366827873,-0.8541403093244053,0.3861723366827873,-0.8541403093244053,0.17350867871528097,0.7969068520718116,0.17754815103248356,0.76554578471034
96,talk.politics.misc,11,9,128,32,0.14085226802828793,0.06511198516446297,0.1722028014155107,-0.41392152500392093,0.1722028014155107,-0.41392152500392093,0.07787928346843588,0.831433184281507,0.07787928346843588,0.831433184281507
96,talk.politics.misc,11,10,128,8,0.6331959592646211,0.3665947458612114,0.7494884373193151,-0.43620385882762325,0.9789200134702026,-1.2967834984398454,0.4926028596429074,0.52735356237473,0.5183687870004057,0.43070761306124966
96,talk.politics.misc,11,10,128,16,0.396819691484607,0.21261205872173367,0.5183687870004057,-0.6598483118898026,0.6202491462712431,-1.212921806960367,0.2573751489173042,0.7569965504459139,0.27361499749715656,0.6688359876273383
96,talk.politics.misc,11,10,128,32,0.2001130915437719,0.0952082437094364,0.25463028516690384,-0.5196823097177056,0.27361499749715656,-0.7006530915469035,0.13950758807417926,0.5777188063348621,0.13950758807417926,0.5777188063348621
96,talk.politics.misc,11,11,128,8,0.8621413333736094,0.3886739928867927,1.530975594650545,-1.412630194490804,1.4606614733022623,-1.2641212788051177,0.9269812918985709,-0.136947056281207,0.9269812918985709,-0.136947056281207
96,talk.politics.misc,11,11,128,16,0.6478253749613495,0.2438163570230165,1.4606614733022623,-2.0119256309892126,1.4606614733022623,-2.0119256309892126,0.493303387819681,0.3824716288022421,0.6754660206198078,-0.06841591259400367
96,talk.politics.misc,11,11,128,32,0.32982752360779305,0.11779296329353571,0.493303387819681,-0.7709868804858967,0.493303387819681,-0.7709868804858967,0.21095376693588763,0.5606338725900255,0.20707039654961382,0.5789486717459662
