model,doc_idx,category,layer,tokens,budget,eval_positions,anchor_max_dP,dense_max_logit_diff,dense_mean_logit_diff,fixed_mean_k,fixed_mean_kl,fixed_mean_kl_improvement,fixed_max_kl,fixed_max_kl_improvement,fixed_mean_logit_l2,fixed_mean_logit_l2_improvement,fixed_max_logit_l2,fixed_max_logit_l2_improvement,projected_oracle_mean_k,projected_oracle_mean_kl,projected_oracle_mean_kl_improvement,projected_oracle_max_kl,projected_oracle_max_kl_improvement,projected_oracle_mean_logit_l2,projected_oracle_mean_logit_l2_improvement,projected_oracle_max_logit_l2,projected_oracle_max_logit_l2_improvement,mass_mean_k,mass_mean_kl,mass_mean_kl_improvement,mass_max_kl,mass_max_kl_improvement,mass_mean_logit_l2,mass_mean_logit_l2_improvement,mass_max_logit_l2,mass_max_logit_l2_improvement,UTC_abs_mean_k,UTC_abs_mean_kl,UTC_abs_mean_kl_improvement,UTC_abs_max_kl,UTC_abs_max_kl_improvement,UTC_abs_mean_logit_l2,UTC_abs_mean_logit_l2_improvement,UTC_abs_max_logit_l2,UTC_abs_max_logit_l2_improvement,UTC_rel_mean_k,UTC_rel_mean_kl,UTC_rel_mean_kl_improvement,UTC_rel_max_kl,UTC_rel_max_kl_improvement,UTC_rel_mean_logit_l2,UTC_rel_mean_logit_l2_improvement,UTC_rel_max_logit_l2,UTC_rel_max_logit_l2_improvement,UTC_rel_hat_mean_k,UTC_rel_hat_mean_kl,UTC_rel_hat_mean_kl_improvement,UTC_rel_hat_max_kl,UTC_rel_hat_max_kl_improvement,UTC_rel_hat_mean_logit_l2,UTC_rel_hat_mean_logit_l2_improvement,UTC_rel_hat_max_logit_l2,UTC_rel_hat_max_logit_l2_improvement
gpt2,82,comp.graphics,0,128,8,63,8.880767283503399e-07,0.003872394561767578,8.712395356269553e-05,8.0,0.11017739027738571,0.0,1.6037156581878662,0.0,11596.9482421875,0.0,66730.9375,0.0,8.0,0.029886046424508095,0.7287461034494814,0.1440144181251526,0.9101995310765482,8341.8076171875,0.2806894156135331,68962.65625,-0.033443539587616256,8.0,0.16977061331272125,-0.5408843219584523,2.1688106060028076,-0.3523660475158519,14179.05078125,-0.22265362275820988,67741.6640625,-0.01514629646106802,8.0,0.03383271396160126,0.6929250740426591,0.19280868768692017,0.8797737699307705,8893.69140625,0.23310070714151887,68978.9140625,-0.033687171898341806,8.0,0.037743907421827316,0.6574260170185354,0.18454568088054657,0.8849261838042564,8782.0341796875,0.24272886312106456,69507.3515625,-0.0416061000566641,8.0,0.03498673439025879,0.6824508703448575,0.1318601369857788,0.9177783565854963,9267.185546875,0.20089446349663487,68863.578125,-0.03195879909524724
gpt2,82,comp.graphics,0,128,16,63,8.880767283503399e-07,0.003872394561767578,8.712395356269553e-05,16.0,0.025494741275906563,0.0,0.2825898230075836,0.0,7213.17578125,0.0,71224.9921875,0.0,16.0,0.012189235538244247,0.5218921656693372,0.09733973443508148,0.6555440907280328,4879.2900390625,0.3235586949446353,69861.984375,0.01913665092320227,16.0,0.03349189832806587,-0.31367869026844786,0.34881603717803955,-0.23435456190748472,8052.3349609375,-0.1163369929052358,70708.0859375,0.007257371803414792,16.0,0.013888576999306679,0.455237578251799,0.10509510338306427,0.6281001832813918,5196.39794921875,0.27959637934703907,69868.7734375,0.019041332379928555,16.0,0.01443777047097683,0.4336961369903747,0.12651655077934265,0.5522961533687382,4648.59130859375,0.35554165743785926,67808.171875,0.04797221042166222,16.0,0.015317320823669434,0.39919685169957597,0.13478273153305054,0.5230446372818123,5082.08203125,0.29544458843490073,70510.46875,0.010031920194796484
gpt2,82,comp.graphics,0,128,32,63,8.880767283503399e-07,0.003872394561767578,8.712395356269553e-05,32.0,0.006863076705485582,0.0,0.12368825078010559,0.0,3399.959228515625,0.0,64461.0,0.0,32.0,0.004356033634394407,0.36529433935764155,0.026202503591775894,0.7881568910020483,2646.567626953125,0.22158842236805887,53385.5859375,0.1718157345138921,32.0,0.006162627134472132,0.10206057735790552,0.07721877843141556,0.37569835498202653,3069.52197265625,0.09718859364194177,62373.8515625,0.032378468182311826,32.0,0.005206627771258354,0.241356610935624,0.07651884108781815,0.38135723801402743,2940.082763671875,0.1352594057560289,62685.55078125,0.0275429983827431,32.0,0.004454301670193672,0.3509759745751643,0.035514771938323975,0.7128686701094791,2660.68798828125,0.21743532511627517,57794.0390625,0.10342627228091406,32.0,0.00458705797791481,0.33163241870101423,0.055211059749126434,0.5536272895694734,2679.72314453125,0.2118366826118736,58075.9765625,0.09905250364561513
gpt2,82,comp.graphics,5,128,8,63,4.811635310186801e-07,0.0006597042083740234,2.3472870452678762e-05,8.0,0.002524525858461857,0.0,0.016524281352758408,0.0,2620.03369140625,0.0,60069.83203125,0.0,8.0,0.0019887113012373447,0.21224363990114692,0.011726515367627144,0.2903464231036208,922.4329223632812,0.647930892877876,20823.39453125,0.6533468826678741,8.0,0.002486247569322586,0.015162565679795792,0.024028968065977097,-0.45416115551469516,587.5648193359375,0.7757415023848132,7331.11474609375,0.8779567963120006,8.0,0.002073276089504361,0.17874634456405736,0.012923375703394413,0.2179160214288468,980.17919921875,0.625890612615497,22462.740234375,0.6260562169927617,8.0,0.0026995723601430655,-0.06933836747778876,0.015904009342193604,0.03753700371733637,1205.7398681640625,0.5397998613075445,34655.9609375,0.42307211847253035,8.0,0.0022194168996065855,0.12085792578934729,0.012228041887283325,0.2599955407293951,1261.22216796875,0.5186236833115628,37734.16796875,0.37182830894017427
gpt2,82,comp.graphics,5,128,16,63,4.811635310186801e-07,0.0006597042083740234,2.3472870452678762e-05,16.0,0.0010401956969872117,0.0,0.0058755516074597836,0.0,1375.1988525390625,0.0,40084.703125,0.0,16.0,0.0011617281707003713,-0.11683616271934416,0.009481998160481453,-0.6138056124709741,290.56964111328125,0.7887071818182545,5236.67529296875,0.8693597585932289,16.0,0.0012338311644271016,-0.18615292103277215,0.013352654874324799,-1.2725789451618215,272.1390686035156,0.8021092963384469,2266.36865234375,0.9434605104776175,16.0,0.0010357567807659507,0.004267385679557978,0.010483413934707642,-0.7842433587678086,335.3116455078125,0.7561722474617263,4962.6689453125,0.87619544219058,16.0,0.0011402221862226725,-0.09616122189812382,0.00973382405936718,-0.6566655711114533,355.9100036621094,0.7411937895345213,5958.2607421875,0.851358241980556,16.0,0.0009580998448655009,0.07892346830456087,0.006000717636197805,-0.021302855816823563,433.650634765625,0.6846633241694715,8874.4140625,0.7786084623147624
gpt2,82,comp.graphics,5,128,32,63,4.811635310186801e-07,0.0006597042083740234,2.3472870452678762e-05,32.0,0.00026562981656752527,0.0,0.0033049960620701313,0.0,490.7057800292969,0.0,11780.7431640625,0.0,32.0,0.00032991054467856884,-0.24199364718042826,0.0020752474665641785,0.37208776422434897,401.95733642578125,0.18085876958330716,9925.17578125,0.15750851682031086,32.0,0.0003450835938565433,-0.2991146789005903,0.003361000679433346,-0.016945441480537005,220.56536865234375,0.5505140195430851,3635.760009765625,0.6913810988718763,32.0,0.0002830088487826288,-0.06542575844713427,0.0026919078081846237,0.18550347485179486,300.5401611328125,0.3875349071395303,6195.48876953125,0.4741003446683424,32.0,0.000289301504381001,-0.08911532643195641,0.001294243149459362,0.6083979753220359,421.18548583984375,0.14167408866735276,10429.748046875,0.11467825911940344,32.0,0.000270168500719592,-0.01708650109658505,0.0013004029169678688,0.6065342007840873,430.0450134277344,0.12361942546904758,10847.7919921875,0.07919289631243254
gpt2,82,comp.graphics,11,128,8,63,6.444411023154295e-07,0.0001220703125,7.1997060331341345e-06,8.0,0.014762960374355316,0.0,0.09953968971967697,0.0,1226.7503662109375,0.0,6972.06201171875,0.0,8.0,0.0735800713300705,-3.984100035781859,0.7559310793876648,-6.594267990150592,902.5694580078125,0.26425988296577585,5483.84619140625,0.21345418583642595,8.0,0.01110612228512764,0.24770357682324717,0.07897793501615524,0.20656840262841492,951.3355712890625,0.22450761174219036,6641.490234375,0.04741377468934149,8.0,0.008880271576344967,0.3984762302978978,0.050556544214487076,0.49209662641239804,907.0596923828125,0.2605996155644552,5493.45849609375,0.21207549691034588,8.0,0.07255179435014725,-3.9144475437444584,0.7724526524543762,-6.760247742681862,1006.4466552734375,0.17958316296896804,5330.10595703125,0.23550508471205145,8.0,0.02478305622935295,-0.6787321513375804,0.26183634996414185,-1.6304718319046771,1115.8502197265625,0.09040155971333608,6400.72509765625,0.08194661968040273
gpt2,82,comp.graphics,11,128,16,63,6.444411023154295e-07,0.0001220703125,7.1997060331341345e-06,16.0,0.006610957905650139,0.0,0.03664129227399826,0.0,946.1481323242188,0.0,8644.271484375,0.0,16.0,0.07083781063556671,-9.715211266891336,0.76664799451828,-19.923061031401343,489.4568786621094,0.48268472775002413,2961.233642578125,0.6574339841210772,16.0,0.00398672791197896,0.39695155091342327,0.02393648959696293,0.34673456880370546,559.266845703125,0.4089013901773684,3447.97509765625,0.6011260053679878,16.0,0.004969435278326273,0.24830329443194876,0.025737406685948372,0.2975846350208452,507.7281799316406,0.4633734797061817,3576.1591796875,0.5862972158901296,16.0,0.017084306105971336,-1.5842406425504567,0.26588213443756104,-6.256352544810184,702.42822265625,0.2575917040276444,5464.84521484375,0.3678073132337687,16.0,0.01039041206240654,-0.5716953897900701,0.07447823882102966,-1.0326313347272857,705.4877319335938,0.25435805680812495,5777.39111328125,0.33165089461567643
gpt2,82,comp.graphics,11,128,32,63,6.444411023154295e-07,0.0001220703125,7.1997060331341345e-06,32.0,0.002250861143693328,0.0,0.019172662869095802,0.0,530.5353393554688,0.0,5825.31689453125,0.0,32.0,0.04955487698316574,-21.015963588874953,0.46464693546295166,-23.2348670414432,222.18450927734375,0.5812069568310587,932.0309448242188,0.8400033917984444,32.0,0.0009165283991023898,0.5928098889305524,0.005039474461227655,0.7371531280951731,235.18658447265625,0.556699493838851,1220.671142578125,0.7904541221226816,32.0,0.0011989655904471874,0.4673302732127387,0.007268985733389854,0.6208671803692616,218.70639038085938,0.5877628234029441,1179.4678955078125,0.7975272561369005,32.0,0.004254466388374567,-0.8901505320730809,0.04010218754410744,-1.09163368791863,306.5407409667969,0.4222048594553496,1751.5604248046875,0.6993192891447614,32.0,0.0036273321602493525,-0.6115308447225849,0.032175906002521515,-0.6782178992144849,304.6804504394531,0.42571129981727485,1800.068115234375,0.6909922416539671
gpt2,93,comp.os.ms-windows.misc,0,128,8,63,1.0351464824198686e-06,0.0004730224609375,2.667916487553157e-05,8.0,0.16045761108398438,0.0,1.2616772651672363,0.0,3896.0244140625,0.0,64491.75390625,0.0,8.0,0.2452506124973297,-0.5284448698975346,1.7109545469284058,-0.35609525047724255,4553.61083984375,-0.16878395920921996,64018.55078125,0.007337420621059243,8.0,0.15879639983177185,0.010352960143118706,1.1316078901290894,0.10309242991780954,3986.130126953125,-0.023127604787432254,62780.45703125,0.02653512691696469,8.0,0.17289449274539948,-0.07750882976131046,1.159067988395691,0.08132767356947224,3997.708740234375,-0.026099509490969952,63949.0390625,0.008415259484785165,8.0,0.17161448299884796,-0.06953158431994866,1.2516955137252808,0.007911493467889774,4139.32568359375,-0.062448599822184425,57071.29296875,0.11506061609499618,8.0,0.17223218083381653,-0.07338118566198326,1.2613022327423096,0.00029724909474138084,4025.11376953125,-0.03313361050890973,64815.5390625,-0.005020566764561529
gpt2,93,comp.os.ms-windows.misc,0,128,16,63,1.0351464824198686e-06,0.0004730224609375,2.667916487553157e-05,16.0,0.04956716299057007,0.0,0.6505120992660522,0.0,1267.2109375,0.0,15819.328125,0.0,16.0,0.06509945541620255,-0.31335851173462204,1.382758617401123,-1.1256462700097911,1143.0885009765625,0.09794930966135029,11808.6494140625,0.2535302813903483,16.0,0.06863121688365936,-0.38461055147973955,0.9184912443161011,-0.4119510541808513,1618.7913818359375,-0.2774442943410418,18697.626953125,-0.18194823480374578,16.0,0.04709066450595856,0.04996248191736641,0.633107602596283,0.026755069874036308,1244.058349609375,0.018270508252005158,13282.1884765625,0.16038226329144434,16.0,0.04777291789650917,0.03619826082041944,0.49170637130737305,0.24412417253707286,1498.5145263671875,-0.18252966575833995,16853.791015625,-0.06539234046167808,16.0,0.04398561269044876,0.11260580520178598,0.45858410000801086,0.29504139811478736,1261.0997314453125,0.004822564163424858,13441.4921875,0.15031206880033032
gpt2,93,comp.os.ms-windows.misc,0,128,32,63,1.0351464824198686e-06,0.0004730224609375,2.667916487553157e-05,32.0,0.013843959197402,0.0,0.14041069149971008,0.0,714.5271606445312,0.0,5019.67919921875,0.0,32.0,0.00851208996027708,0.3851404905993594,0.07940540462732315,0.4344775046742997,576.0010375976562,0.19387103902659075,5676.154296875,-0.13078028925801122,32.0,0.02005903050303459,-0.4489374186250803,0.3597732186317444,-1.562292192916714,678.207763671875,0.05082997396473321,7330.01708984375,-0.4602560838916907,32.0,0.009688561782240868,0.30015961156118887,0.11989184468984604,0.14613450436504982,505.7787780761719,0.2921489819646047,5026.32373046875,-0.0013236963929954548,32.0,0.00892544724047184,0.3552821766372428,0.08869572728872299,0.36831215385826843,522.162353515625,0.2692197270085377,5743.3271484375,-0.14416219055022017,32.0,0.008447100408375263,0.38983492453802726,0.0873621478676796,0.3778098595301058,517.8290405273438,0.2752843152102967,5839.814453125,-0.16338399753392485
gpt2,93,comp.os.ms-windows.misc,5,128,8,63,4.541143218128596e-07,0.000152587890625,1.4740514416189399e-05,8.0,0.003670385340228677,0.0,0.0384899266064167,0.0,244.10784912109375,0.0,2281.72021484375,0.0,8.0,0.0038187385071069,-0.04041896235041653,0.035299621522426605,0.08288675415292268,288.4060363769531,-0.18146973731223426,2268.520751953125,0.005784873537410862,8.0,0.0038471464067697525,-0.04815872181149872,0.021636877208948135,0.43785610634702987,246.35435485839844,-0.009202922992411766,2205.208984375,0.03353225779874569,8.0,0.0032750836107879877,0.10770033465098261,0.021406643092632294,0.44383777834838567,245.90628051757812,-0.007367364068626259,1471.63525390625,0.3550325564315403,8.0,0.004255778156220913,-0.1594908331765963,0.029999960213899612,0.22057632063922195,241.19900512695312,0.01191622475317311,2078.3857421875,0.08911455108889155,8.0,0.004199060145765543,-0.14403795692577837,0.03697236627340317,0.03942746756915194,237.82174682617188,0.025751332116336623,1917.7430419921875,0.1595187571568617
gpt2,93,comp.os.ms-windows.misc,5,128,16,63,4.541143218128596e-07,0.000152587890625,1.4740514416189399e-05,16.0,0.0013113057939335704,0.0,0.007080692332237959,0.0,176.21035766601562,0.0,2789.686767578125,0.0,16.0,0.001629301463253796,-0.2425030612930663,0.01812736690044403,-1.5601122107666279,191.89524841308594,-0.08901230866802412,1567.0517578125,0.4382696380020683,16.0,0.0014950432814657688,-0.14011795599639232,0.006485077552497387,0.08411815565390046,201.48812866210938,-0.14345224271097923,1300.153564453125,0.5339428140952694,16.0,0.0013220609398558736,-0.008201859529683553,0.005727688781917095,0.19108351088222286,190.78102111816406,-0.08268902943699419,2099.23974609375,0.24749983744009674,16.0,0.0013496994506567717,-0.029278949960276135,0.005065426230430603,0.2846142731879442,172.44097900390625,0.021391356966959596,992.72998046875,0.6441428507292266,16.0,0.0013291070936247706,-0.013575246730056056,0.005229572765529156,0.26143200125795174,178.77825927734375,-0.014572932291501584,1639.411376953125,0.4123313785596133
gpt2,93,comp.os.ms-windows.misc,5,128,32,63,4.541143218128596e-07,0.000152587890625,1.4740514416189399e-05,32.0,0.0003517654549796134,0.0,0.0016318601556122303,0.0,117.30473327636719,0.0,1893.657470703125,0.0,32.0,0.00045345729449763894,-0.2890898980512997,0.0017038671066984534,-0.04412568738723088,124.62324523925781,-0.06238888882384974,1192.5152587890625,0.3702582028489686,32.0,0.00047898865886963904,-0.36167054521427877,0.0017805998213589191,-0.09114731138887677,129.95181274414062,-0.10781388878807818,1074.5987548828125,0.43252738601991825,32.0,0.0004204158904030919,-0.19515968510170256,0.0015132250264286995,0.07269932339209673,127.90592193603516,-0.09037306819232782,1438.5830078125,0.24031508862141449,32.0,0.0004436140588950366,-0.26110751529238785,0.0014753657160326838,0.09589941824447201,123.1796875,-0.05008284030441934,1483.6578369140625,0.21651203564118038,32.0,0.000451478932518512,-0.28346580406730815,0.0015088082291185856,0.07540592621889153,121.91302490234375,-0.039284788407638604,1420.943115234375,0.24963033852855587
gpt2,93,comp.os.ms-windows.misc,11,128,8,63,5.15406632428661e-07,9.1552734375e-05,6.871659934404306e-06,8.0,0.01755245216190815,0.0,0.07996023446321487,0.0,1379.1761474609375,0.0,7399.701171875,0.0,8.0,0.040123794227838516,-1.2859366803980854,0.3102765381336212,-2.8803855468478106,1055.53759765625,0.23466077948092845,4480.205078125,0.3945424316385242,8.0,0.022894026711583138,-0.30432070119906807,0.1626279652118683,-1.0338605345971579,1446.5499267578125,-0.04885074282999313,6765.66943359375,0.08568342471600021,8.0,0.019135192036628723,-0.09017200902306932,0.10847187042236328,-0.35657269079500975,1129.6180419921875,0.18094723138026014,4549.2841796875,0.385207040930443,8.0,0.02092387154698372,-0.19207683085968652,0.1047116369009018,-0.3095463964537726,1157.982421875,0.16038105501835642,4871.92822265625,0.34160473382714196,8.0,0.018487760797142982,-0.05328649391021356,0.09381286799907684,-0.17324403347309802,1053.8519287109375,0.2358830083807073,4246.79248046875,0.4260859483609848
gpt2,93,comp.os.ms-windows.misc,11,128,16,63,5.15406632428661e-07,9.1552734375e-05,6.871659934404306e-06,16.0,0.006264816503971815,0.0,0.0257149338722229,0.0,879.3895263671875,0.0,4475.83740234375,0.0,16.0,0.010497636161744595,-0.6756494232655059,0.03919944539666176,-0.5243844526858665,581.0574951171875,0.33924901571483124,2269.29638671875,0.49298953855418337,16.0,0.010864684358239174,-0.7342382416709412,0.09987477958202362,-2.8839213072955903,973.1328125,-0.10660041235659445,4890.86328125,-0.09272586146425321,16.0,0.008093890734016895,-0.29195974517138223,0.07040891796350479,-1.7380555716520831,801.9767456054688,0.08803013731754994,3314.454345703125,0.2594783840969005,16.0,0.006660743150860071,-0.06319844270574304,0.03262583538889885,-0.2687505070406211,766.1945190429688,0.12871998577448873,3337.4052734375,0.25435064471066704,16.0,0.006363001186400652,-0.01567239557081823,0.03446772322058678,-0.34037767282841735,756.4005737304688,0.13985719518947848,2979.14013671875,0.33439491453404047
gpt2,93,comp.os.ms-windows.misc,11,128,32,63,5.15406632428661e-07,9.1552734375e-05,6.871659934404306e-06,32.0,0.001602203818038106,0.0,0.00844498723745346,0.0,499.35650634765625,0.0,2103.281005859375,0.0,32.0,0.0023674843832850456,-0.47764245511786596,0.010658461600542068,-0.26210511642597445,313.7481384277344,0.3716951027182567,1100.7989501953125,0.4766277320392862,32.0,0.002060698578134179,-0.2861650652271561,0.016116196289658546,-0.9083742623296487,518.9266967773438,-0.03919081894581855,2384.58544921875,-0.1337455349882919,32.0,0.0017269318923354149,-0.07784781991721768,0.0076027303002774715,0.09973454233780077,416.05859375,0.16681050820165655,1649.1634521484375,0.21590912124715855,32.0,0.0017949133180081844,-0.12027776853387517,0.00719696469604969,0.14778264387053175,412.3060302734375,0.17432530660492385,1383.1427001953125,0.3423880611567748,32.0,0.0016929017147049308,-0.056608214039761906,0.00643538311123848,0.2379641401117104,415.893310546875,0.16714150059090938,1411.7801513671875,0.32877245245204345
gpt2,96,talk.politics.misc,0,128,8,63,9.225343453045376e-07,0.00213623046875,4.215973967802711e-05,8.0,0.18695957958698273,0.0,2.2335615158081055,0.0,2740.080322265625,0.0,42188.59375,0.0,8.0,0.28432703018188477,-0.5207941246444767,4.115572452545166,-0.8426053741600874,3727.865966796875,-0.36049514187763054,60078.140625,-0.4240375249530568,8.0,0.20784449577331543,-0.11170818971924357,2.069863796234131,0.07328999824513382,2838.64501953125,-0.035971462757751205,39670.0625,0.05969697081927505,8.0,0.22917897999286652,-0.22582100633276858,3.198268175125122,-0.4319140764600722,3693.73681640625,-0.34803961270452755,58799.109375,-0.39372053317136224,8.0,0.19171077013015747,-0.025412929113719285,2.821265935897827,-0.26312434913040184,2946.456787109375,-0.07531766976564702,38768.46875,0.08106752787890681,8.0,0.19151613116264343,-0.024371853989652248,2.5624070167541504,-0.1472292115612801,3076.02978515625,-0.12260569887704831,38897.609375,0.07800649612787813
gpt2,96,talk.politics.misc,0,128,16,63,9.225343453045376e-07,0.00213623046875,4.215973967802711e-05,16.0,0.04222434014081955,0.0,0.5274529457092285,0.0,1998.7708740234375,0.0,38874.90234375,0.0,16.0,0.06140125170350075,-0.4541672291082719,0.721407949924469,-0.36772001330742965,2415.695068359375,-0.2085902890393272,41379.328125,-0.06442268996857403,16.0,0.054269712418317795,-0.2852708233527519,0.6452126502990723,-0.22326106157488734,2187.8271484375,-0.0945862664255761,41754.98046875,-0.07408579704028595,16.0,0.04473705217242241,-0.059508615723132374,0.7173293828964233,-0.3599874429213423,1949.6546630859375,0.02457320725243073,34194.265625,0.1204025331655274,16.0,0.06727693229913712,-0.5933211051911376,0.9610126614570618,-0.821987476370724,2323.24853515625,-0.16233859786022053,39878.25,-0.025809650848198418,16.0,0.05557643994688988,-0.3162180808874844,0.729803740978241,-0.3836376247684534,2207.026123046875,-0.10419165684770504,38549.5078125,0.008370298357863626
gpt2,96,talk.politics.misc,0,128,32,63,9.225343453045376e-07,0.00213623046875,4.215973967802711e-05,32.0,0.006991666741669178,0.0,0.0847708061337471,0.0,622.2125854492188,0.0,8437.0390625,0.0,32.0,0.008207974024116993,-0.17396528287008084,0.13591817021369934,-0.6033605956189034,585.273193359375,0.05936779961333416,9836.6982421875,-0.1658945951676989,32.0,0.012710035778582096,-0.8178835245153182,0.2213454246520996,-1.6111043972245818,892.7330322265625,-0.4347717373508866,16256.9326171875,-0.9268528327010457,32.0,0.005221501924097538,0.25318209276505566,0.051477279514074326,0.3927475523489057,570.8282470703125,0.08258325141689038,5560.31640625,0.3409635341189935,32.0,0.007752177305519581,-0.10877385778671145,0.09930280596017838,-0.17142693916940477,718.0989990234375,-0.15410555140891535,11580.291015625,-0.3725539172973338,32.0,0.007293026894330978,-0.04310276273120173,0.08604158461093903,-0.014990756076885159,741.7440185546875,-0.19210706421049117,9544.830078125,-0.1313009229207891
gpt2,96,talk.politics.misc,5,128,8,63,5.592142621191343e-07,0.0007476806640625,2.3838527340558358e-05,8.0,0.003695499384775758,0.0,0.06523982435464859,0.0,326.1649475097656,0.0,2298.00146484375,0.0,8.0,0.004262030590325594,-0.15330301714668337,0.08604810386896133,-0.31895057536018756,324.78363037109375,0.004235026324005964,2292.01220703125,0.0026062898149228353,8.0,0.004875986371189356,-0.3194390969937151,0.11540591716766357,-0.7689489251275161,329.2788391113281,-0.009546984203350872,1251.1793212890625,0.455535890455085,8.0,0.004513709805905819,-0.22140726758089024,0.10130049288272858,-0.5527401228435485,327.603271484375,-0.004409805485202645,1621.103271484375,0.29455951343590636,8.0,0.004910887219011784,-0.32888324626517984,0.1020837053656578,-0.5647452514697635,338.0561218261719,-0.036457548265667716,2063.5146484375,0.10203945471470521,8.0,0.004522252362221479,-0.22371887838803928,0.0994916632771492,-0.5250142725140559,309.5249328613281,0.051017176356571214,2177.421142578125,0.05247182132402328
gpt2,96,talk.politics.misc,5,128,16,63,5.592142621191343e-07,0.0007476806640625,2.3838527340558358e-05,16.0,0.0020655083935707808,0.0,0.038698915392160416,0.0,279.1399841308594,0.0,3290.842041015625,0.0,16.0,0.0018377058440819383,0.11028885198332461,0.02915186434984207,0.24670073942827797,266.4381408691406,0.04550348923056535,4630.46142578125,-0.4070749577370141,16.0,0.0019920289050787687,0.0355745291187044,0.04927385225892067,-0.2732618410515586,296.70233154296875,-0.06291591463255308,5276.94775390625,-0.6035250820722071,16.0,0.0019504844676703215,0.055687948912959806,0.047265902161598206,-0.22137537144447417,319.93670654296875,-0.1461514821645331,5522.18212890625,-0.6780453331032519,16.0,0.0019280901178717613,0.06653000110130536,0.033847711980342865,0.12535760660621265,247.47877502441406,0.11342412734251184,3536.989501953125,-0.07479771373697819,16.0,0.001831535715609789,0.1132760722199283,0.030355894938111305,0.21558796595470553,245.01187133789062,0.12226164194725209,3182.0224609375,0.03306739695246541
gpt2,96,talk.politics.misc,5,128,32,63,5.592142621191343e-07,0.0007476806640625,2.3838527340558358e-05,32.0,0.0005528258625417948,0.0,0.007544264663010836,0.0,156.4756317138672,0.0,1771.802001953125,0.0,32.0,0.0004913340089842677,0.11123186834059917,0.007472364231944084,0.009530475702857588,185.43199157714844,-0.18505347795132177,3931.295166015625,-1.2188117869163757,32.0,0.000498437148053199,0.09838308620100755,0.009746204130351543,-0.2918693293114054,161.40721130371094,-0.03151659805318241,3062.820068359375,-0.7286469170839132,32.0,0.0005018843221478164,0.09214753477660798,0.008866512216627598,-0.17526526609010395,157.87466430664062,-0.008940897553503468,2641.1494140625,-0.49065720162357884,32.0,0.0004750560037791729,0.14067695459298868,0.0061914860270917416,0.1793121922871691,176.6001434326172,-0.12861115496596853,3576.71240234375,-1.0186862857142072,32.0,0.00048490826156921685,0.12285532493053941,0.006763310171663761,0.10351631686200735,178.12789916992188,-0.13837469271667957,3522.65673828125,-0.9881774229841094
gpt2,96,talk.politics.misc,11,128,8,63,6.075350792444922e-07,9.1552734375e-05,6.514787401101785e-06,8.0,0.019422560930252075,0.0,0.09180785715579987,0.0,1300.2418212890625,0.0,7327.078125,0.0,8.0,0.05631259083747864,-1.8993391262718404,0.4739128351211548,-4.162007368464278,1238.3868408203125,0.047571905053343744,12136.822265625,-0.6564341281163835,8.0,0.020964546129107475,-0.0793914460813272,0.12249961495399475,-0.33430426053959983,1435.1998291015625,-0.103794544678391,9215.193359375,-0.25769006446549936,8.0,0.019177710637450218,0.012606488592371234,0.10676633566617966,-0.16293244362511294,1101.1312255859375,0.15313351135385445,4177.10107421875,0.4299090301812839,8.0,0.027351943776011467,-0.40825629916849904,0.14365564286708832,-0.5647423577624917,1545.927978515625,-0.18895420313660471,13073.2451171875,-0.7842371671432806,8.0,0.019391445443034172,0.0016020280399501319,0.0616287924349308,0.3287198465993445,1375.971923828125,-0.05824309086134716,9044.4609375,-0.2343884947316568
gpt2,96,talk.politics.misc,11,128,16,63,6.075350792444922e-07,9.1552734375e-05,6.514787401101785e-06,16.0,0.007731783203780651,0.0,0.037612948566675186,0.0,883.322509765625,0.0,6168.849609375,0.0,16.0,0.02156851999461651,-1.789591925452596,0.1205262541770935,-2.2043819687106088,729.28955078125,0.17437907138271058,6747.4892578125,-0.09380025208559517,16.0,0.007193915545940399,0.06956579661691087,0.04235810786485672,-0.1261575994173909,832.3916015625,0.057658338421194166,6038.60595703125,0.021113118424189614,16.0,0.006621441338211298,0.1436074753138996,0.029178883880376816,0.2242330103779977,741.2542724609375,0.16083393747362218,2692.128173828125,0.5635931584818001,16.0,0.008767927065491676,-0.13401098225366392,0.03905579447746277,-0.038360351043202456,946.5350952148438,-0.07156229434930972,8109.03955078125,-0.31451406084818156,16.0,0.007606074679642916,0.01625867161876282,0.023846039548516273,0.3660151501750729,896.0796508789062,-0.01444222350528146,6370.10302734375,-0.03262414075760556
gpt2,96,talk.politics.misc,11,128,32,63,6.075350792444922e-07,9.1552734375e-05,6.514787401101785e-06,32.0,0.0019285273738205433,0.0,0.007341958582401276,0.0,445.3672790527344,0.0,3074.894287109375,0.0,32.0,0.0028543362859636545,-0.480060031665001,0.010609034448862076,-0.4449869649621836,341.66253662109375,0.23285218135515817,3000.8056640625,0.024094689484926546,32.0,0.001624265336431563,0.1577691048202322,0.009400565177202225,-0.28038929553967296,420.69134521484375,0.05540580774226311,2762.216796875,0.1016872324831416,32.0,0.001551280845887959,0.1956137792253544,0.008409128524363041,-0.14535221494163397,334.954833984375,0.2479132398392605,1276.2606201171875,0.5849416269471281,32.0,0.001885328907519579,0.02239971642994376,0.007887506857514381,-0.07430555062252586,439.6429748535156,0.012852996770202685,4198.98974609375,-0.36557206655748375,32.0,0.0018236631294712424,0.05437529473152236,0.007750128861516714,-0.05559419527288334,427.846923828125,0.03933911638473753,3722.6318359375,-0.21065359922894955
